,Spot Size ,Final Pb206/U238_mean,Final Pb206/U238_2SE(int),Final Pb207/U235_mean,Final Pb207/U235_2SE(int),Final Pb207/Pb206_mean,Final Pb207/Pb206_2SE(int),Final U238/Pb206_mean,Final U238/Pb206_2SE(int),,rho 206Pb/238U v 207Pb/235U,rho 207Pb/206Pb v 238U/206Pb
BRc_grain_43_1,60,3.087118467,0.141696458,353.8004353,13.19464996,0.84671623,0.028548745,0.336911223,0.015109438,,0.707498877,0.567386955
BRc_grain_43_2,60,1.872425978,0.124278644,211.9700848,12.66015233,0.857119093,0.036536702,0.581652879,0.03377287,,0.785365508,0.384863169
BRc_grain_43_3,60,1.356414095,0.143147411,152.3368931,15.29059758,0.883088629,0.052175617,0.937725987,0.080412278,,0.873124645,0.428775336
BRc_grain_43_4,60,3.651745947,0.302193523,414.5720623,32.0227706,0.860076905,0.04693032,0.316122409,0.024126171,,0.812496104,0.417227019
BRc_grain_43_5,60,3.552675947,0.151964956,405.004544,13.91053112,0.840427731,0.021834287,0.291366324,0.012012395,,0.780463448,0.550174674
BRc_grain_45_1,60,7.276461476,0.286703788,862.3573178,31.18014674,0.861790336,0.014371,0.140941796,0.005698759,,0.862128752,0.302746717
BRc_grain_45_2,60,4.532220047,0.282191967,539.5044125,32.19619067,0.864589968,0.021684794,0.24228781,0.014071968,,0.901360576,0.274771588
BRc_grain_45_3,60,4.698905087,0.303934819,564.4364765,35.66535816,0.876954574,0.022293543,0.238121302,0.015524107,,0.89700435,0.17675176
BRc_grain_45_4,60,7.067049381,0.29682372,835.953093,32.78105776,0.853883781,0.012981511,0.145972027,0.005737925,,0.891775587,0.190773542
BRc_grain_50_1,60,9.308264069,0.344767469,1102.596663,31.55551406,0.875383781,0.011335929,0.112094992,0.003696957,,0.871227255,0.344346712
BRc_grain_50_2,60,8.102652941,0.243581009,973.5904396,24.60862683,0.877712776,0.012696634,0.12592569,0.003501532,,0.795468734,0.229783779
BRc_grain_50_3,60,8.299805163,0.307056137,973.9715854,29.23811965,0.866655562,0.011505748,0.125325191,0.004163742,,0.85925133,0.33243279
BRc_grain_50_4,60,8.089440212,0.318214162,946.6035686,29.62677305,0.867231655,0.011596511,0.129368385,0.004269443,,0.89004884,0.190724394
BRc_grain_50_5,60,7.02677865,0.289488936,819.7943197,26.80043573,0.862797358,0.011105795,0.149944057,0.005395928,,0.915377804,0.196593363
BRc_grain_50_6,60,7.957116379,0.263335123,922.5567146,22.88825692,0.865064859,0.016978657,0.130398989,0.004197317,,0.761799083,0.512432341
BRc_grain_50_7,60,8.730137481,0.310234463,1037.642161,29.90779484,0.87470779,0.013495261,0.118887529,0.003915966,,0.856668872,0.32171375
BRc_grain_51_1,60,1.896954809,0.055587331,213.5437041,5.326590452,0.825075719,0.017304154,0.535157432,0.01554089,,0.671153642,0.44072647
BRc_grain_51_2,60,1.670043566,0.058741881,185.5120325,5.190061415,0.817846788,0.016308839,0.618613835,0.020383265,,0.771898585,0.373846036
BRc_grain_51_3,60,1.954536175,0.070156683,217.9576006,6.267854685,0.829695655,0.019704024,0.534536834,0.018556804,,0.70266369,0.543071652
BRc_grain_51_4,60,1.855597856,0.061610103,210.5818954,5.7140041,0.839086182,0.019199708,0.555423251,0.017986497,,0.65337358,0.534611473
BRc_grain_51_5,60,0.732732229,0.025923273,70.48383736,2.534956582,0.701305844,0.013173026,1.418843093,0.048958576,,0.811838355,0.132182354
BRc_grain_51_6,60,0.955531217,0.054130206,87.19698256,4.715934157,0.679202664,0.014281097,1.118183352,0.05226116,,0.961574612,0.082361793
BRc_grain_51_7,60,1.109956106,0.036469941,107.4346934,3.571535755,0.713714927,0.01734919,0.92430991,0.03014775,,0.707568344,0.268526097
BRc_grain_51_8,60,0.886039408,0.050786906,86.96078438,5.199760991,0.711098223,0.018580015,1.225404401,0.061045488,,0.896195945,0.101512299
BRc_grain_51_9,60,0.834621504,0.038059691,78.33764157,3.108507508,0.698456178,0.014207958,1.266558201,0.052127181,,0.892532929,0.101053422
BRc_grain_51_10,60,3.987309611,0.533234748,434.4580867,49.24341123,0.825138988,0.030442059,0.322733013,0.020938609,,0.999936211,0.243966978
BRc_grain_51_11,60,1.586885714,0.115758792,164.3658127,11.77562925,0.776902625,0.031615411,0.723376114,0.045252672,,0.824925307,0.449338463
BRc_grain_51_12,60,1.241329672,0.045875001,126.0739827,4.213411001,0.756447232,0.019527012,0.844824956,0.031309827,,0.736423806,0.206588055
BRc_grain_51_13,60,0.978650915,0.037105669,96.30224567,3.247964533,0.733372939,0.019840588,1.069046907,0.039663472,,0.674146477,0.318890432
BRc_grain_51_14,60,0.914750768,0.029533979,90.62330151,2.921437503,0.727236572,0.021901278,1.114196198,0.036719633,,0.553696904,0.552861119
BRc_grain_53_1,60,5.853970327,0.247867391,682.1676755,26.28166518,0.857528691,0.010199211,0.180395858,0.006645556,,0.926487253,0.12109383
BRc_grain_53_2,60,4.752670436,0.134570602,554.3540943,15.77058577,0.853301135,0.01077336,0.215788605,0.006404253,,0.819816515,0.350665324
BRc_grain_53_3,60,8.2862225,0.266829305,983.454339,28.93673085,0.866336523,0.008400248,0.124415803,0.003821035,,0.898176996,0.212884857
BRc_grain_53_4,60,6.307457892,0.20037255,739.8845582,22.20220395,0.85992109,0.010199939,0.163993134,0.005154991,,0.862863835,0.230310411
BRc_grain_53_5,60,6.388471441,0.199079854,756.1208778,21.105083,0.86692174,0.00910577,0.160861726,0.004700211,,0.882522622,0.175156157
BRc_grain_53_6,60,5.152952365,0.187787987,594.5311971,20.3775609,0.851693529,0.011535878,0.202370779,0.007265537,,0.888499343,0.193429725
BRc_grain_55_1,60,4.926809628,0.18556963,558.393996,17.69385753,0.826393573,0.009469852,0.210287235,0.007131202,,0.923961214,0.140350422
BRc_grain_55_2,60,4.424222523,0.159084057,501.0365105,15.67533803,0.814979806,0.009495761,0.231392662,0.007735747,,0.905467391,0.318280967
BRc_grain_55_3,60,4.381879479,0.183075269,478.8018359,15.876616,0.803789934,0.009642247,0.238668651,0.008198239,,0.920364772,0.196020923
BRc_grain_55_4,60,4.681212678,0.171087343,528.8256976,18.01054158,0.811478788,0.008545522,0.218680116,0.00722656,,0.9267013,0.123345751
BRc_grain_55_5,60,4.925801959,0.150257724,560.4999587,16.2370702,0.818773906,0.008523947,0.205391006,0.006209367,,0.906752795,0.14373464
BRc_grain_56_1,60,4.609075944,0.214077661,497.5554682,22.8649397,0.79729532,0.019464137,0.228848534,0.009537945,,0.802133532,0.264408814
BRc_grain_56_2,60,4.801533849,0.253115308,502.6951477,25.52768013,0.765950019,0.019717764,0.223911019,0.012381731,,0.907866231,0.221583693
BRc_grain_56_3,60,6.032896012,0.316575491,642.8259499,33.2739114,0.782233823,0.02064462,0.180978401,0.009701012,,0.872487422,0.184762493
BRc_grain_56_4,60,5.106030085,0.329957958,539.942924,33.54451466,0.775384207,0.022747233,0.218031617,0.012422003,,0.999971674,0.353400282
BRc_grain_56_5,60,15.13236592,4.794313507,1562.388855,470.8478486,0.791660611,0.023011977,0.178884775,0.018849877,,0.998539752,0.218396494
BRc_grain_56_6,60,5.396060841,0.291531268,562.1704868,30.87238223,0.760061765,0.019159587,0.203157637,0.010947998,,0.886368139,0.021324573
BRc_grain_58_1,60,6.492349562,0.215617598,756.2467079,22.87925392,0.847120213,0.010863553,0.154449374,0.005080987,,0.873492946,0.282499297
BRc_grain_58_2,60,5.42676611,0.181804004,634.113555,18.20324491,0.857179662,0.010561718,0.186820174,0.006023511,,0.857847425,0.28075116
BRc_grain_58_3,60,5.485248313,0.177438045,648.0729209,18.85346924,0.864383796,0.010473456,0.182873297,0.00578409,,0.874184205,0.243219702
BRc_grain_58_4,60,6.783242867,0.210694887,797.8543899,23.14246589,0.858547197,0.010665368,0.148364648,0.004632043,,0.859638151,0.21897369
BRc_grain_58_5,60,6.216768986,0.249831658,722.1730965,28.68734642,0.844047014,0.009872008,0.16582716,0.006770406,,0.90893996,0.046116289
BRc_grain_58_6,60,4.373633203,0.149219228,504.8249322,16.68992622,0.843432383,0.011404886,0.231510752,0.007883585,,0.843446183,0.204214686
BRc_grain_58_7,60,7.159942077,0.215622006,852.679731,24.00740291,0.867587469,0.010492822,0.139898907,0.004023741,,0.847922781,0.147276497
BRc_grain_60_1,60,1.336926873,0.043553929,161.2993285,4.780704955,0.877974646,0.01178865,0.750810394,0.023234206,,0.852811674,0.226712251
BRc_grain_60_2,60,1.354958087,0.03812154,160.6843573,4.185530476,0.862889754,0.012702038,0.735770189,0.02087576,,0.788766221,0.250719671
BRc_grain_60_3,60,1.378010386,0.045170138,162.3393009,4.274589984,0.863589958,0.012373018,0.72807017,0.021724902,,0.817023458,0.408130443
BRc_grain_60_4,60,1.294260549,0.034510871,153.5073001,3.518086644,0.864236516,0.012419503,0.76631188,0.021427463,,0.787420809,0.397243089
BRc_grain_60_5,60,1.319077381,0.04057125,157.5131156,4.358035363,0.868632641,0.0126508,0.755470701,0.022513537,,0.853734992,0.276554194
BRc_grain_16_5,60,4.489619297,0.136077364,503.9624812,14.18510876,0.822724398,0.01412059,0.225455156,0.006767039,,0.768916415,0.41033915
BRc_grain_16_6,60,5.886951047,0.162180643,671.0066585,15.70383065,0.835475521,0.010718931,0.171674003,0.004706817,,0.815840086,0.269615349
BRc_grain_16_7,60,5.0003858,0.140784858,570.5422218,14.87362631,0.831623926,0.011884575,0.201770855,0.005709702,,0.752323223,0.419788819
BRc_grain_70_1,60,1.432632112,0.056993406,148.8499728,4.634020638,0.76442202,0.010277121,0.727711684,0.024611225,,0.902821236,0.15170766
BRc_grain_70_2,60,1.196527372,0.041397444,120.4878444,3.322623149,0.738464221,0.010880473,0.855457779,0.025549338,,0.855261515,0.225242138
BRc_grain_70_3,60,1.203274021,0.046939693,120.6627673,3.897127994,0.728758375,0.012466972,0.854953474,0.030301941,,0.873417854,0.371774776
BRc_grain_70_4,60,1.603393048,0.058567118,163.1486747,4.833025699,0.746612947,0.010499074,0.640618532,0.020901157,,0.905212961,0.220009575
BRc_grain_73_1,60,2.927059031,0.084203393,338.0724004,8.490993295,0.835667559,0.009418,0.344183276,0.009349334,,0.827300797,0.278966574
BRc_grain_73_2,60,3.14203945,0.090125578,364.1365053,9.708475177,0.834126147,0.009556198,0.3197054,0.00912851,,0.875195046,0.148900934
BRc_grain_73_3,60,3.163757258,0.09760717,366.2987027,10.1278435,0.837877518,0.008645271,0.320614051,0.009167674,,0.876494842,0.147588176
BRc_grain_73_4,60,3.112479343,0.086404409,361.0437236,9.007307584,0.835819246,0.008414935,0.32361914,0.008961119,,0.864217489,0.254473865
BRc_grain_73_5,60,2.905275215,0.095380306,335.4385736,9.754240715,0.836604975,0.009865058,0.350456678,0.010578584,,0.892943172,0.158802945
BRc_grain_73_6,60,3.948108924,0.134501608,470.2537226,14.25638569,0.8572173,0.008700001,0.257416133,0.007987853,,0.903288277,0.208137872
BRc_grain_73_7,60,3.778109252,0.109166007,447.9803985,11.07625314,0.858394812,0.008671623,0.267454366,0.007206173,,0.850116137,0.273394063
BRc_grain_87_1,60,1.20308059,0.034001913,128.7880181,3.476721602,0.767480067,0.014569845,0.829464545,0.023714155,,0.684346828,0.404850816
BRc_grain_87_2,60,1.160578612,0.032603068,122.154615,3.399486164,0.770101994,0.016713317,0.87039889,0.023752285,,0.63101895,0.341857468
BRc_grain_87_3,60,0.916814989,0.030090343,98.57391436,3.286286045,0.785034839,0.020009934,1.110426166,0.037511495,,0.702384991,0.334439299
BRc_grain_87_4,60,0.94525058,0.026575337,99.62512333,2.753128167,0.767738478,0.013480647,1.076961899,0.030835192,,0.75419222,0.261175152
BRc_grain_87_5,60,1.077635346,0.032157076,114.4524605,3.423180351,0.774464189,0.01373112,0.947861988,0.028795613,,0.78030962,0.259682505
BRc_grain_90_1,60,5.651764949,0.166274084,621.0406308,16.89015357,0.798250566,0.007255964,0.180130534,0.005031363,,0.897601926,0.107570015
BRc_grain_90_2,60,4.918975612,0.131331911,544.2136545,12.25405712,0.803693723,0.007384382,0.205639118,0.005641992,,0.873187439,0.313143828
BRc_grain_90_3,60,4.703349083,0.130763207,523.0695321,13.41127805,0.804187097,0.007599929,0.214624797,0.005884638,,0.870393581,0.178248669
BRc_grain_90_4,60,4.406068413,0.179921384,479.9310395,16.56948224,0.798062229,0.00777733,0.236798098,0.008247319,,0.934126953,0.191181167
BRc_grain_93_1,60,3.069993046,0.093358247,348.6333988,9.497784241,0.826307553,0.011305215,0.321860574,0.009187729,,0.851828992,0.219761613
BRc_grain_93_2,60,2.335626162,0.086672608,265.4359427,9.245814793,0.817014647,0.012920895,0.425168466,0.013983974,,0.891374639,0.216694273
BRc_grain_93_3,60,3.025368929,0.083659426,333.5130406,8.372056022,0.804768175,0.010509273,0.327599656,0.009042381,,0.799102982,0.163808048
BRc_grain_93_4,60,2.17893238,0.084297102,242.3388557,7.851968679,0.815880821,0.011088256,0.461030835,0.015091894,,0.907528922,0.21409232
BRc_grain_93_5,60,2.402569796,0.078513774,268.6306054,8.209223093,0.811593939,0.011474566,0.412338414,0.012411523,,0.85894484,0.143831897
BRc_grain_93_6,60,1.738388725,0.039775777,188.1194844,3.862002711,0.78493792,0.012418838,0.561935763,0.013005757,,0.691047785,0.225614385
BRc_grain_93_7,60,2.756502066,0.139583707,306.954664,12.72456532,0.814932335,0.010019316,0.373846215,0.014942654,,0.938984477,0.244405949
BRc_grain_93_8,60,2.89729194,0.087876584,331.6846135,8.062465207,0.836205538,0.010925919,0.341843075,0.009599287,,0.84931814,0.356228012
BRc_grain_93_9,60,2.759007755,0.092705035,316.6307742,8.891593609,0.834253582,0.011111237,0.359038413,0.010575211,,0.882287128,0.224791185
BRc_grain_98_1,60,3.763378031,0.120302113,433.0856325,11.86672438,0.841834327,0.00912501,0.271047782,0.008119952,,0.87592154,0.316628284
BRc_grain_98_2,60,3.40271449,0.132972154,385.4940599,12.41757746,0.833600838,0.008291276,0.304804727,0.010307418,,0.924350898,0.211575367
BRc_grain_98_3,60,3.801603972,0.123474947,432.8337438,10.99434004,0.836729095,0.008364086,0.269038244,0.007608321,,0.881781922,0.349556958
BRc_grain_98_4,60,3.934670867,0.120004741,442.5488641,10.72651364,0.825676522,0.009065824,0.257596721,0.007511709,,0.899223016,0.323343874
BRc_grain_98_5,60,3.81755184,0.132382964,428.9847605,11.76830339,0.829694969,0.009191992,0.268851919,0.008167914,,0.913772721,0.270801951
BRc_grain_101_1,60,4.125236506,0.235613333,466.9210811,24.30727084,0.829615035,0.020975397,0.263565253,0.015097262,,0.88326713,0.394057113
BRc_grain_101_2,60,2.379747447,0.191981537,267.7692355,18.36774909,0.853615,0.027312896,0.491837355,0.033060377,,0.917648366,0.302915878
BRc_grain_101_3,60,2.390670569,0.17504278,256.5693357,17.47403465,0.808371409,0.030074279,0.482249249,0.032201292,,0.915932633,0.321351057
BRc_grain_101_4,60,2.501352571,0.127271262,279.9989343,14.35488416,0.814922231,0.021654707,0.424963202,0.020503474,,0.828253289,0.188456307
BRc_grain_101_5,60,2.696367301,0.141614447,311.5067416,14.63679466,0.869877984,0.0298526,0.393100716,0.018993989,,0.792253313,0.369959128
BRc_grain_102_1,60,3.137513972,0.107146402,347.0660933,10.68796754,0.804391823,0.010911541,0.323351448,0.009943659,,0.888375772,0.159283397
BRc_grain_102_2,60,3.554666113,0.111499111,391.6401224,10.44923325,0.801564761,0.010370617,0.284498589,0.008607059,,0.866341533,0.314139797
BRc_grain_102_3,60,3.578819839,0.128912111,398.7790086,13.70941836,0.804958087,0.010525537,0.283564756,0.00934639,,0.903649319,0.134575357
BRc_grain_102_4,60,3.792312892,0.132672331,415.7231113,12.43126245,0.804773711,0.011530366,0.27217232,0.009099212,,0.835605425,0.290674696
BRc_grain_102_5,60,3.071894197,0.112430499,330.7364402,9.989470481,0.787874589,0.012446962,0.332595468,0.011267235,,0.883527191,0.222791921
HFO-1,60,0.12213,0.002709771,15.439,0.353344249,0.9175,0.012802414,8.187996397,0.168163854,,0.636192164,0.365771404
HFO-10,60,0.12213,0.002354672,15.439,0.297147127,0.9175,0.012846847,8.187996397,0.157965012,,0.586948771,0.438814889
HFO-11,60,0.12213,0.003040771,15.439,0.365569267,0.9175,0.01194502,8.187996397,0.188717628,,0.70951836,0.397177111
HFO-12,60,0.12213,0.001823183,15.439,0.283309251,0.9175,0.01308376,8.187996397,0.118615647,,0.464675911,0.424546426
HFO-13,60,0.12213,0.003799378,15.439,0.465209891,0.9175,0.011181358,8.187996397,0.244104563,,0.842400266,0.295763655
HFO-14,60,0.12213,0.00254191,15.439,0.357318345,0.9175,0.011133839,8.187996397,0.169807746,,0.766924912,0.265727172
HFO-15,60,0.12213,0.001847264,15.439,0.290632237,0.9175,0.012103585,8.187996397,0.120639131,,0.542597599,0.422222192
HFO-16,60,0.12213,0.00193141,15.439,0.271367966,0.9175,0.012914717,8.187996397,0.119762403,,0.385690578,0.486507257
HFO-17,60,0.12213,0.001781172,15.439,0.237134356,0.9175,0.014268106,8.187996397,0.122306644,,0.189917781,0.674557374
HFO-18,60,0.12213,0.002073614,15.439,0.289899812,0.9175,0.014474264,8.187996397,0.139887502,,0.400164947,0.574785299
HFO-19,60,0.12213,0.003625799,15.439,0.471254589,0.9175,0.012078447,8.187996397,0.224466767,,0.821792007,0.122846308
HFO-2,60,0.12213,0.001831439,15.439,0.324845211,0.9175,0.0150735,8.187996397,0.123711427,,0.381877154,0.515636703
HFO-9,60,0.12213,0.002229228,15.439,0.323099727,0.9175,0.011716118,8.187996397,0.144280122,,0.637670081,0.33204598
HFO-20,60,0.12213,0.004109915,15.439,0.462882893,0.9175,0.013405029,8.187996397,0.256107386,,0.84140337,0.365257656
HFO-21,60,0.12213,0.002241427,15.439,0.297672035,0.9175,0.014501037,8.187996397,0.13751862,,0.394254346,0.684323472
HFO-22,60,0.12213,0.001707649,15.439,0.252754019,0.9175,0.014670884,8.187996397,0.115715547,,0.226301235,0.618463755
HFO-23,60,0.12213,0.002385206,15.439,0.348010734,0.9175,0.016720314,8.187996397,0.165527384,,0.456744469,0.385939458
HFO-24,60,0.12213,0.002170647,15.439,0.264336742,0.9175,0.013177571,8.187996397,0.149675814,,0.591412735,0.364529415
HFO-25,60,0.12213,0.003793883,15.439,0.44236723,0.9175,0.01822523,8.187996397,0.234428493,,0.644659812,0.464102238
HFO-26,60,0.12213,0.003278642,15.439,0.458503075,0.9175,0.01185196,8.187996397,0.209474224,,0.819688432,0.211743761
HFO-27,60,0.12213,0.003513092,15.439,0.448984606,0.9175,0.013187042,8.187996397,0.214915937,,0.766425368,0.223972725
HFO-28,60,0.12213,0.001651363,15.439,0.2639655,0.9175,0.011256471,8.187996397,0.110350832,,0.465906339,0.494216742
HFO-29,60,0.12213,0.001606696,15.439,0.234994989,0.9175,0.012221128,8.187996397,0.109805386,,0.286094957,0.550683814
HFO-3,60,0.12213,0.00205031,15.439,0.311975734,0.9175,0.014242485,8.187996397,0.137949848,,0.448631746,0.474044808
HFO-30,60,0.12213,0.002834816,15.439,0.239380838,0.9175,0.018410332,8.187996397,0.196036227,,0.493974935,0.663758652
HFO-31,60,0.12213,0.002279255,15.439,0.328912277,0.9175,0.013350913,8.187996397,0.151971436,,0.53700513,0.520225622
HFO-32,60,0.12213,0.00342766,15.439,0.42025045,0.9175,0.015181706,8.187996397,0.212406909,,0.671972789,0.480700043
HFO-33,60,0.12213,0.002909005,15.439,0.398988379,0.9175,0.013916797,8.187996397,0.185400146,,0.68252981,0.301318422
HFO-4,60,0.12213,0.002009097,15.439,0.327057852,0.9175,0.014609919,8.187996397,0.1334888,,0.54118019,0.412374144
HFO-5,60,0.12213,0.002317226,15.439,0.348139743,0.9175,0.015019988,8.187996397,0.152793936,,0.636841555,0.512760937
HFO-6,60,0.12213,0.002060598,15.439,0.315485148,0.9175,0.013827745,8.187996397,0.126829197,,0.496753667,0.603636134
HFO-7,60,0.12213,0.003319851,15.439,0.400939326,0.9175,0.014734854,8.187996397,0.210571741,,0.695792444,0.405398534
HFO-8,60,0.12213,0.003180745,15.439,0.401750507,0.9175,0.011925793,8.187996397,0.205456664,,0.789657596,0.281949417
HFO - 67,60,0.12213,0.002924735,15.439,0.340834011,0.9175,0.020221446,8.187996397,0.192760731,,0.460721009,0.481006845
HFO - 68,60,0.12213,0.002980624,15.439,0.275028842,0.9175,0.013639106,8.187996397,0.188250942,,0.65813492,0.454076998
HFO - 69,60,0.12213,0.003056947,15.439,0.282691359,0.9175,0.018153073,8.187996397,0.194477445,,0.421267375,0.611006534
HFO - 64,60,0.12213,0.002575836,15.439,0.305782353,0.9175,0.014046177,8.187996397,0.180530414,,0.510284117,0.576949455
HFO - 65,60,0.12213,0.004005019,15.439,0.342852568,0.9175,0.021290121,8.187996397,0.270426925,,0.549690139,0.698031692
HFO - 66,60,0.12213,0.004044229,15.439,0.354871359,0.9175,0.024257829,8.187996397,0.266874842,,0.476651483,0.679920915
HFO - 61,60,0.12213,0.00256472,15.439,0.362452389,0.9175,0.016785893,8.187996397,0.181846682,,0.483210747,0.58767142
HFO - 62,60,0.12213,0.00242913,15.439,0.360605367,0.9175,0.016730545,8.187996397,0.174131608,,0.539198922,0.608645566
HFO - 63,60,0.12213,0.002760392,15.439,0.349959881,0.9175,0.016190944,8.187996397,0.196844171,,0.533368912,0.455603536
HFO - 58,60,0.12213,0.002111329,15.439,0.344184024,0.9175,0.012663919,8.187996397,0.144200763,,0.560398944,0.475868181
HFO - 59,60,0.12213,0.002023429,15.439,0.342166863,0.9175,0.013483343,8.187996397,0.131907263,,0.627602205,0.459764724
HFO - 60,60,0.12213,0.001887532,15.439,0.305503779,0.9175,0.014200176,8.187996397,0.119940043,,0.360293244,0.526941562
HFO - 55,60,0.12213,0.003565593,15.439,0.408447565,0.9175,0.019882451,8.187996397,0.26912996,,0.671697064,0.632512791
HFO - 56,60,0.12213,0.001896375,15.439,0.290172937,0.9175,0.013935664,8.187996397,0.132733777,,0.414255527,0.504976056
HFO - 57,60,0.12213,0.002038947,15.439,0.322940923,0.9175,0.015223208,8.187996397,0.127133514,,0.521352011,0.523879668
HFO - 52,60,0.12213,0.003332929,15.439,0.361179329,0.9175,0.022824586,8.187996397,0.212274481,,0.47041279,0.62213949
HFO - 53,60,0.12213,0.003410726,15.439,0.348741465,0.9175,0.021919796,8.187996397,0.229744011,,0.422902494,0.553359242
HFO - 54,60,0.12213,0.003357954,15.439,0.341435875,0.9175,0.020051921,8.187996397,0.212548181,,0.492319307,0.563776535
HFO - 49,60,0.12213,0.003895507,15.439,0.411138566,0.9175,0.022279048,8.187996397,0.286374067,,0.554701723,0.641602474
HFO - 50,60,0.12213,0.00357898,15.439,0.352600422,0.9175,0.022694462,8.187996397,0.263703573,,0.510558225,0.612466911
HFO - 51,60,0.12213,0.003946848,15.439,0.356055394,0.9175,0.026062712,8.187996397,0.258934063,,0.429114533,0.804470267
HFO - 46,60,0.12213,0.002485362,15.439,0.27929906,0.9175,0.017357624,8.187996397,0.179866928,,0.354899682,0.614922041
HFO - 47,60,0.12213,0.003362132,15.439,0.40043744,0.9175,0.018116655,8.187996397,0.237112511,,0.664790207,0.524928827
HFO - 48,60,0.12213,0.004027219,15.439,0.464640459,0.9175,0.021421898,8.187996397,0.302024683,,0.624091006,0.596773708
HFO - 43,60,0.12213,0.002563152,15.439,0.389528334,0.9175,0.016034254,8.187996397,0.166245633,,0.607212793,0.52265462
HFO - 44,60,0.12213,0.00229752,15.439,0.36233903,0.9175,0.016614689,8.187996397,0.1581971,,0.512731388,0.631240118
HFO - 45,60,0.12213,0.002762102,15.439,0.391506413,0.9175,0.01638041,8.187996397,0.18821052,,0.659675086,0.354815842
HFO - 40,60,0.12213,0.002679268,15.439,0.4272557,0.9175,0.015523374,8.187996397,0.169752151,,0.719342338,0.450868975
HFO - 41,60,0.12213,0.002383237,15.439,0.396824161,0.9175,0.014527866,8.187996397,0.159370585,,0.669210879,0.356541825
HFO - 42,60,0.12213,0.002543167,15.439,0.380493667,0.9175,0.014613216,8.187996397,0.16777821,,0.671799643,0.531209905
HFO - 37,60,0.12213,0.002535735,15.439,0.397413718,0.9175,0.0138545,8.187996397,0.163401327,,0.737281063,0.383341072
HFO - 38,60,0.12213,0.002839465,15.439,0.441321549,0.9175,0.014582515,8.187996397,0.183239912,,0.677200268,0.343734114
HFO - 39,60,0.12213,0.002822762,15.439,0.410460105,0.9175,0.015052675,8.187996397,0.191872928,,0.727967384,0.472622557
HFO - 34,60,0.12213,0.002974665,15.439,0.413266348,0.9175,0.01623246,8.187996397,0.201277378,,0.672824622,0.395698946
HFO - 35,60,0.12213,0.003164882,15.439,0.450793564,0.9175,0.018649266,8.187996397,0.228885691,,0.68011953,0.480207291
HFO - 36,60,0.12213,0.002197679,15.439,0.351733491,0.9175,0.015479436,8.187996397,0.140790883,,0.495769859,0.451265934
HFO - 70,60,0.12213,0.004072769,15.439,0.445663406,0.9175,0.026459852,8.187996397,0.276055733,,0.527720772,0.566833209
HFO - 71,60,0.12213,0.005111189,15.439,0.408422004,0.9175,0.035819752,8.187996397,0.340971186,,0.37145487,0.801258972
HFO - 72,60,0.12213,0.003487396,15.439,0.356396195,0.9175,0.021004438,8.187996397,0.217514489,,0.53870588,0.538030645
HFO - 73,60,0.12213,0.00383749,15.439,0.420505866,0.9175,0.027309984,8.187996397,0.239722489,,0.494110442,0.572268533
91500-1,35,0.133437428,0.004739902,1.424828532,0.093508134,0.078157564,0.005144051,7.654675112,0.301170556,,0.352043704,0.24255159
91500-10,35,0.132692106,0.004578288,1.386957445,0.100736153,0.075063456,0.005455302,7.709563398,0.295474273,,0.383244703,0.007188257
91500-9,35,0.133463651,0.005333216,1.307304627,0.088844818,0.071964466,0.005264444,7.686437419,0.360978548,,0.428262215,0.285100964
91500-11,35,0.127026462,0.005385085,1.340325593,0.095906545,0.076249072,0.006316893,8.551680046,0.542560874,,0.431529768,0.328000789
91500-12,35,0.131882235,0.00424391,1.315422186,0.093043478,0.070870291,0.004757946,7.61235887,0.248955794,,0.338585461,0.233294206
91500-8,35,0.128727268,0.005069709,1.300137338,0.096754213,0.07268058,0.005498924,8.091283239,0.406140312,,0.435233682,0.109720964
91500-14,35,0.131971322,0.005320246,1.464830485,0.103407914,0.079741308,0.005382091,8.080726973,0.386677602,,0.546081972,-0.111565475
91500-13,35,0.131494746,0.004755808,1.337426639,0.09454536,0.071537743,0.004516395,7.944844751,0.328194911,,0.438597483,0.08789017
91500-15,35,0.141554827,0.006180513,1.503493142,0.101579278,0.076412693,0.004945697,7.556216126,0.411888374,,0.336977155,0.479198502
91500-16,35,0.143267266,0.005423108,1.40118865,0.107837055,0.068872232,0.004988806,7.347090617,0.350542762,,0.512446128,-0.05456814
91500-17,35,0.137952178,0.00536115,1.424076666,0.107665341,0.074943678,0.006027868,7.701054044,0.36899658,,0.372054611,0.122692727
91500-18,35,0.14397295,0.005114959,1.487903696,0.105478644,0.074868523,0.005461346,7.262303403,0.291925123,,0.329328147,0.189499721
91500-19,35,0.135389294,0.005026307,1.391323689,0.092193264,0.075030147,0.004668199,7.659346267,0.346337326,,0.482951638,0.170416527
91500-2,35,0.134983703,0.004602536,1.291246718,0.085135459,0.069840364,0.004845029,7.490378781,0.271759877,,0.314994935,0.140399238
91500-20,35,0.13425361,0.005521654,1.320398407,0.105283377,0.070417296,0.005459973,7.831394712,0.349974143,,0.480755074,0.020660887
91500-21,35,0.136064506,0.006027829,1.397635447,0.110921526,0.075664292,0.00642952,7.851571989,0.385023959,,0.359309928,0.288842781
91500-22,35,0.144394127,0.006870166,1.405588673,0.122802383,0.071169444,0.006395506,7.465487744,0.415719555,,0.421108927,0.117430952
91500-3,35,0.141902194,0.008353857,1.391257807,0.12849536,0.069929382,0.006582129,8.015135238,0.588153521,,0.552927456,0.00369667
91500-4,35,0.127508443,0.004766957,1.28294357,0.097375037,0.072067187,0.005549573,8.058773673,0.323449148,,0.367562227,0.233480907
91500-5,35,0.130768903,0.004662996,1.331043978,0.097810069,0.072279324,0.00521705,7.873724815,0.320850775,,0.428145913,0.285026228
91500-6,35,0.143547691,0.005407833,1.485378965,0.116950604,0.073641702,0.005614461,7.304436091,0.333744302,,0.430995382,0.01403289
91500-7,35,0.139570239,0.005988158,1.474050618,0.13417266,0.073251873,0.006486817,7.636139486,0.384832874,,0.367758019,0.076453939
91500 - 25,35,0.125977376,0.004034513,1.303242931,0.088794253,0.074020536,0.004860046,8.013919327,0.259802695,,0.354317445,0.131740236
91500 - 26,35,0.151249614,0.004688222,1.556185789,0.085713775,0.076338822,0.00440909,6.733493348,0.222459432,,0.222188829,0.331746903
91500 - 27,35,0.146577354,0.005483285,1.543380976,0.103834649,0.075654392,0.004937844,6.897047787,0.281911208,,0.402016784,0.21537251
91500 - 28,35,0.148580938,0.005649438,1.491155514,0.117164351,0.071860651,0.006307953,6.803820341,0.320553484,,0.121326515,0.478703348
91500 - 29,35,0.143295424,0.005460434,1.605170543,0.103014554,0.081521684,0.005182954,7.162908359,0.333287333,,0.423914666,0.325760503
91500 - 30,35,0.145780016,0.005280024,1.508137368,0.105096748,0.073422091,0.004942195,7.057995599,0.31250118,,0.394868393,0.134543306
91500 - 31,35,0.130512192,0.005055721,1.369061301,0.093189514,0.074918737,0.005038597,8.074078007,0.342876789,,0.26851988,0.368450379
91500 - 32,35,0.132888172,0.005126731,1.34797038,0.112878915,0.071278899,0.005639533,7.899400037,0.338305446,,0.356027781,0.251425473
91500 - 33,35,0.135361647,0.005617337,1.410244391,0.104336193,0.074770294,0.005869119,7.64703683,0.370578521,,0.313846865,0.233662765
91500 - 34,35,0.136565897,0.005467631,1.429711198,0.116737158,0.073897568,0.006147079,7.661117607,0.360922033,,0.437665221,-0.053375754
91500 - 35,35,0.149122875,0.00492371,1.348591154,0.114173516,0.063775023,0.005112196,6.743546172,0.236691392,,0.346656477,0.09400096
91500 - 36,35,0.14431095,0.00591361,1.592494092,0.113989293,0.079714665,0.006341233,7.110596063,0.336941017,,0.274753012,0.426090385
91500 - 37,35,0.148004482,0.005488158,1.584999384,0.12593629,0.07680192,0.00635151,7.02230979,0.289935518,,0.210612376,0.479264897
91500 - 38,35,0.145589,0.005753731,1.404121951,0.12486757,0.067960105,0.005659058,7.216918493,0.335115465,,0.372890706,0.110793705
91500 - 39,35,0.146498712,0.004772115,1.55571609,0.113284357,0.076490279,0.005617097,6.820304862,0.238195128,,0.407707001,0.041626163
91500 - 40,35,0.147689133,0.006103447,1.536301552,0.120458576,0.074952583,0.005886269,7.012952112,0.356617321,,0.390000925,0.205045867
91500 - 41,35,0.138798667,0.00568631,1.335777048,0.118520515,0.069863669,0.006983941,7.489465991,0.330962109,,0.293331899,0.162569383
91500 - 42,35,0.139783807,0.00421835,1.428051502,0.106008939,0.073555862,0.00542415,7.235436038,0.222268778,,0.307933971,0.152005596
91500 - 43,35,0.127346053,0.004535527,1.248641094,0.094959557,0.072273226,0.00541497,8.035217808,0.297620818,,0.347245302,0.231784951
91500 - 44,35,0.124992343,0.005798513,1.255870095,0.11017022,0.072481444,0.006560616,8.476639971,0.440088486,,0.414259559,0.032737491
91500 - 45,35,0.131214347,0.00471022,1.397618044,0.109714197,0.078565402,0.006443743,7.847684411,0.310483599,,0.202992469,0.162254723
91500 - 46,35,0.129340634,0.006093417,1.233866968,0.125995485,0.067787278,0.007305065,8.24285984,0.479774409,,0.402384006,0.146719088
91500 - 47,35,0.130048041,0.007310755,1.485643965,0.128975167,0.083998346,0.008690624,8.7801011,0.70383728,,0.3998958,0.471072445
91500 - 48,35,0.130218185,0.006108001,1.417119035,0.121387989,0.079600817,0.007414677,8.416814313,0.528769853,,0.307591791,0.61437341
91500 - 23,35,0.140975579,0.005570192,1.555312223,0.13214843,0.076198837,0.006917994,7.233306416,0.30540886,,0.300061703,0.106525484
91500 - 24,35,0.145711528,0.005189587,1.463379006,0.105460877,0.072357235,0.005631511,7.055590128,0.283235497,,0.26085485,0.234735308
NIST 610 -9,60,0.15700778,0.003794852,19.82350506,0.369465952,0.918219284,0.01180313,6.329816395,0.145576536,,0.740208139,0.381741024
NIST 610 -8,60,0.153608077,0.003993579,19.19940876,0.374666314,0.909464707,0.014325905,6.521773812,0.16590664,,0.733354522,0.491747862
NIST 610 -7,60,0.159598884,0.004685292,19.99033061,0.395188651,0.924805688,0.014249532,6.443862269,0.181489657,,0.784413865,0.588127418
NIST 610 -1,60,0.159722162,0.003837422,19.97750861,0.379417014,0.914304668,0.011297652,6.342410738,0.147714271,,0.737529577,0.387725375
NIST 610 -6,60,0.17417279,0.004446198,21.42796288,0.39614646,0.906886787,0.01273495,5.839162995,0.142661778,,0.738923986,0.451119485
NIST 610 -5,60,0.171025882,0.004913156,21.40266529,0.409372716,0.91942861,0.016824262,5.981098961,0.164504127,,0.666740202,0.601034507
NIST 610 -4,60,0.158223916,0.004316386,19.69497096,0.391529558,0.908556189,0.014718267,6.292980291,0.175201669,,0.736489547,0.568749973
NIST 610 -3,60,0.165843096,0.004920298,20.53580159,0.411470261,0.911654701,0.018840092,6.164144141,0.178577352,,0.673984035,0.648191798
NIST 610 -2,60,0.181056823,0.004912193,22.53692989,0.434301648,0.908522347,0.016861592,5.544969926,0.153585473,,0.684154643,0.5883385
NIST 610 -10,60,0.16945477,0.004733015,21.33175253,0.40140227,0.924969863,0.016840115,6.017814006,0.169812822,,0.696939388,0.625937026
NIST 610 - 24,60,0.14813009,0.003961939,18.6429696,0.336226239,0.926230646,0.015994436,6.759117494,0.173662572,,0.667340358,0.579788357
NIST 610 - 21,60,0.173817328,0.004927572,21.81792303,0.443512039,0.903608818,0.014470703,5.711012381,0.161311883,,0.731281993,0.602443343
NIST 610 - 20,60,0.17097674,0.00516503,21.48494033,0.460564716,0.920784613,0.019106699,5.905836289,0.176257116,,0.673064666,0.578184011
NIST 610 - 18,60,0.172432991,0.004367623,21.64592145,0.413433331,0.914358437,0.015376772,5.787549915,0.14761761,,0.699634496,0.505578701
NIST 610 - 19,60,0.160016261,0.00448307,19.78776113,0.382644419,0.911119933,0.014329356,6.413835591,0.168147953,,0.737536953,0.558073565
NIST 610 - 17,60,0.16110123,0.003915893,20.10205477,0.358804422,0.910257996,0.013832176,6.299418815,0.153421674,,0.686907936,0.537447088
NIST 610 - 16,60,0.165113664,0.004661087,20.33801295,0.388502553,0.898215856,0.014506216,6.177861707,0.168864236,,0.758360931,0.584972605
NIST 610 - 15,60,0.176158988,0.004460067,22.13501952,0.419129377,0.902395905,0.015911636,5.667211457,0.144873205,,0.638478519,0.540694857
NIST 610 - 14,60,0.180166218,0.004436951,22.47615537,0.438407003,0.912503761,0.01376852,5.605992812,0.132128172,,0.6948859,0.472701366
NIST 610 - 13,60,0.182615217,0.004943449,22.78109483,0.517339578,0.910263482,0.015243597,5.401350741,0.142327379,,0.696463588,0.475677108
NIST 610 - 12,60,0.168054474,0.004707811,20.79266325,0.393160465,0.918537155,0.017680675,6.055066958,0.163672946,,0.653537535,0.632393876
NIST 610 - 11,60,0.153977336,0.004663427,19.10142161,0.483954738,0.91428005,0.015670973,6.643918902,0.204186584,,0.782673315,0.450744903
NIST 610 - 22,60,0.15650219,0.004828963,19.22113901,0.541543899,0.90001319,0.013885305,6.515195955,0.195994796,,0.783678165,0.237409154
NIST 610 - 23,60,0.173456701,0.005582739,21.85134278,0.610749589,0.906769271,0.014489854,5.882643874,0.185298886,,0.794074286,0.33077998
NIST 610 - 25,60,0.171314391,0.006815812,21.38674179,0.787684293,0.899033243,0.014268663,6.124695918,0.259351031,,0.848798965,0.178979941