,Spot Size ,Final Pb207/Pb206_mean,Final Pb207/Pb206_2SE(int),Final Pb207/Pb206_2SE(prop),Final U238/Pb206_mean,Final U238/Pb206_2SE(int),Final U238/Pb206_2SE(prop),rho 206Pb/238U v 207Pb/235U,rho 207Pb/206Pb v 238U/206Pb
BRc_grain_02_1,60,0.860629779,0.016476915,0.01699013,0.148463233,0.006125587,0.011597495,0.913721583,0.154859716
BRc_grain_02_2,60,0.846794985,0.013518364,0.014120002,0.192679924,0.008283471,0.016156177,0.900569522,0.253694296
BRc_grain_02_3,60,0.850990043,0.015837508,0.016359103,0.152511617,0.00759216,0.012708686,0.938037241,0.199695249
BRc_grain_02_4,60,0.857516771,0.008559679,0.009503633,0.168223929,0.004032177,0.012529115,0.91225112,0.369121637
BRc_grain_07_1,60,0.861040368,0.011504566,0.012228958,0.154193948,0.003463514,0.011901316,0.808303752,0.431489288
BRc_grain_07_2,60,0.872495662,0.009833903,0.010693792,0.136466115,0.003089836,0.009935513,0.867741319,0.228265531
BRc_grain_07_3,60,0.853211433,0.008320344,0.009279499,0.158352199,0.003379185,0.011381782,0.88181755,0.323597246
BRc_grain_07_4,60,0.840259681,0.009712869,0.01052199,0.249868025,0.004268146,0.018698765,0.788845132,0.347586402
BRc_grain_12_1,60,0.84322548,0.011360372,0.012064246,0.172451039,0.006268622,0.014263673,0.928994454,0.276649445
BRc_grain_12_2,60,0.837844266,0.010164899,0.01093632,0.218161499,0.005005835,0.016366336,0.865070674,0.316548068
BRc_grain_12_3,60,0.862271403,0.021742728,0.02213566,0.168609631,0.007759241,0.014176061,0.895739339,0.070918745
BRc_grain_12_4,60,0.844821008,0.010776441,0.011518785,0.109300352,0.003075739,0.008533313,0.894130995,0.232673679
BRc_grain_15_1,60,0.70852474,0.024309735,0.024547994,1.569862703,0.065494966,0.136241748,0.622360255,0.662992385
BRc_grain_15_2,60,0.688869382,0.021878474,0.022128523,1.699267633,0.056883879,0.139607361,0.535645862,0.58202939
BRc_grain_15_3,60,0.669811437,0.020912794,0.021160067,1.91140019,0.062302613,0.147875768,0.512649155,0.554122989
BRc_grain_15_4,60,0.653873377,0.015334083,0.015654023,1.99504087,0.061259745,0.161710192,0.663028189,0.403442647
BRc_grain_16_1,60,0.84314269,0.013427058,0.014027483,0.238822347,0.012735978,0.022774824,0.94123277,0.058449059
BRc_grain_16_2,60,0.852900016,0.018397224,0.018850091,0.158176864,0.010503576,0.018450042,0.8982088,0.192549713
BRc_grain_16_3,60,0.854583676,0.01582141,0.016347854,0.150655829,0.004045114,0.011354775,0.757125081,0.378406153
BRc_grain_16_4,60,0.829840828,0.011782069,0.012441276,0.249353654,0.005099664,0.017981038,0.766440768,0.354233399
BRc_grain_22_1,60,0.818382239,0.011161651,0.011836926,0.570322506,0.010212513,0.043806224,0.676564357,0.461409491
BRc_grain_22_2,60,0.768175594,0.010613429,0.011239584,0.722271415,0.01421604,0.054499317,0.73192135,0.45828798
BRc_grain_22_3,60,0.769246251,0.010515713,0.011149069,0.645282084,0.012179721,0.047098275,0.723452222,0.414748088
BRc_grain_22_4,60,0.70394729,0.010229816,0.010776825,1.159909422,0.019767805,0.082746052,0.672241331,0.336897716
BRc_grain_22_5,60,0.707934425,0.008919398,0.00954867,1.173699728,0.018796252,0.081943242,0.73051914,0.309053418
BRc_grain_22_6,60,0.749986373,0.010180631,0.010802238,0.727922004,0.012244179,0.049020455,0.642054841,0.525285685
BRc_grain_28_1,60,0.845834406,0.008722793,0.009626931,0.100257856,0.002503511,0.007709784,0.921185369,0.335309611
BRc_grain_28_2,60,0.854392251,0.008836239,0.009747099,0.125965924,0.003078788,0.00944922,0.919381513,0.169355152
BRc_grain_28_3,60,0.865057293,0.007249073,0.008360742,0.095196561,0.001817815,0.007118969,0.894666822,0.318153822
BRc_grain_31_1,60,0.869052529,0.008983706,0.00991059,0.09127784,0.001994933,0.006920022,0.910593875,0.103338257
BRc_grain_31_2,60,0.859439366,0.007812188,0.008840722,0.107135935,0.002260013,0.007909342,0.903469139,0.246556575
BRc_grain_31_3,60,0.872586957,0.008056001,0.009085994,0.087774488,0.002127641,0.006420048,0.925263704,0.324353152
BRc_grain_31_4,60,0.863606895,0.008533093,0.009492542,0.088259372,0.001876091,0.00644828,0.894213034,0.213495347
BRc_grain_33_1,60,0.784691603,0.009496758,0.010220928,0.285539259,0.004764796,0.021415271,0.721943148,0.378642098
BRc_grain_33_2,60,0.790421688,0.010118812,0.01081103,0.287690412,0.005534477,0.021272478,0.743387983,0.476936991
BRc_grain_33_3,60,0.773125897,0.008994278,0.009734356,0.325147084,0.005368246,0.022666398,0.777217268,0.307556793
BRc_grain_33_4,60,0.78645133,0.007610004,0.008500243,0.280126204,0.004511931,0.021222261,0.793205842,0.418330326
BRc_grain_37_1,60,0.837815356,0.009670117,0.010478002,0.289160855,0.005954779,0.02141315,0.849119028,0.27740788
BRc_grain_37_2,60,0.847328233,0.010093951,0.010887455,0.235036882,0.005287468,0.017742991,0.828903348,0.3900764
BRc_grain_37_3,60,0.833072569,0.010251347,0.01100833,0.177923089,0.003665117,0.01288081,0.832239909,0.226762092
BRc_grain_37_4,60,0.835878814,0.009322737,0.010154551,0.185596546,0.004087236,0.014718665,0.866029781,0.289966891
BRc_grain_37_5,60,0.833687853,0.010534868,0.011273923,0.253379575,0.00782647,0.018731496,0.929466359,0.335549011
BRc_grain_37_6,60,0.826436733,0.010051284,0.010810497,0.376593094,0.012237957,0.029110954,0.927425757,0.277514286
BRc_grain_37_7,60,0.847452801,0.009108249,0.009980644,0.187434208,0.004112935,0.013599065,0.876209745,0.148648218
NIST 610 -11,60,0.902586,0.00863981,0.00967143,6.43907,0.0760695,0.465993,0.599957,0.708361
NIST 610 -10,60,0.90572,0.00960307,0.0105471,6.49584,0.0858381,0.463768,0.627024,0.695878
NIST 610 -9,60,0.907356,0.00838545,0.0094555,5.26711,0.047929,0.363509,0.478805,0.516706
NIST 610 -8,60,0.909283,0.0119549,0.0127315,6.1702,0.0815628,0.449868,0.610735,0.603612
NIST 610 -7,60,0.914203,0.0139846,0.0146611,7.51098,0.142663,0.560657,0.676694,0.657779
NIST 610 -6,60,0.912664,0.0131272,0.0138434,5.45972,0.0819014,0.392529,0.598637,0.697598
NIST 610 -1,60,0.913969,0.0115753,0.0123838,4.96166,0.0704701,0.35645,0.71821,0.719496
NIST 610 -2,60,0.91461,0.0125591,0.013309,6.24618,0.099876,0.460373,0.598712,0.686711
NIST 610 -3,60,0.912099,0.0135415,0.014236,5.87818,0.102994,0.427494,0.627543,0.778818
NIST 610 -4,60,0.912129,0.0172868,0.0178361,6.0835,0.126179,0.436728,0.617884,0.734563
HFO-2,60,0.921462,0.00826166,0.00937785,8.18551,0.119249,0.580162,0.805447,0.362171
HFO-3,60,0.915238,0.00870549,0.00975752,8.18496,0.123908,0.570242,0.796153,0.449735
HFO-4,60,0.915345,0.00781002,0.00896796,8.18054,0.170324,0.591981,0.916613,0.283356
HFO-5,60,0.915165,0.00856482,0.00963212,8.19935,0.160859,0.571357,0.857069,0.262451
HFO-6,60,0.913445,0.00949942,0.0104684,8.17237,0.187474,0.592257,0.882363,0.22671
HFO-7,60,0.913694,0.011194,0.0120277,8.21483,0.13447,0.602865,0.633731,0.477354
HFO-8,60,0.91595,0.0117732,0.0125723,8.08683,0.170477,0.582402,0.760289,0.328851
HFO-9,60,0.915239,0.00982096,0.0107646,8.20128,0.0942373,0.561917,0.626358,0.386409
HFO-10,60,0.921607,0.0105501,0.0114456,8.18481,0.101286,0.595992,0.541306,0.472517
HFO-11,60,0.917999,0.00986886,0.0108137,8.18685,0.0998254,0.591786,0.647829,0.322727
HFO-12,60,0.904441,0.0112637,0.0120763,8.18362,0.12623,0.574103,0.683662,0.504732
HFO-13,60,0.919816,0.0113414,0.0121756,8.18807,0.180652,0.628857,0.864737,0.251109
HFO-14,60,0.913586,0.0117623,0.0125581,8.1883,0.139889,0.59913,0.737777,0.28492
HFO-15,60,0.918284,0.0119087,0.0127032,8.18347,0.141703,0.59023,0.67994,0.383654
HFO-16,60,0.929177,0.0111436,0.0120083,8.17711,0.17683,0.623142,0.823765,0.168961
HFO-17,60,0.921817,0.0123417,0.0131157,8.21866,0.110789,0.613982,0.339573,0.711951
HFO-18,60,0.920417,0.00864378,0.00971384,8.18206,0.0963535,0.589734,0.626285,0.549649
HFO-19,60,0.910413,0.0122498,0.0130106,8.20239,0.159326,0.596329,0.717408,0.343547
HFO-20,60,0.908321,0.010477,0.0113533,8.14372,0.165875,0.583856,0.819609,0.414002
HFO-21,60,0.921577,0.0104429,0.0113467,8.2071,0.188314,0.563596,0.810269,0.436582
HFO-22,60,0.925026,0.0122558,0.0130402,8.20193,0.152346,0.597588,0.744258,0.252773
HFO-23,60,0.920949,0.0116377,0.0124541,8.16474,0.122635,0.593116,0.665418,0.323445
HFO-24,60,0.912779,0.0117919,0.0125846,8.1927,0.117965,0.554132,0.572288,0.422667
HFO-25,60,0.921153,0.012533,0.0132949,8.17642,0.200999,0.600245,0.839591,0.489653
HFO-26,60,0.921028,0.0124803,0.013245,8.21041,0.198611,0.615387,0.823173,0.381055
HFO-27,60,0.914786,0.0110976,0.0119399,8.17773,0.172234,0.606358,0.763781,0.382987
HFO-28,60,0.909629,0.0130058,0.0137236,8.21337,0.176105,0.608023,0.721022,0.526005
HFO-29,60,0.909364,0.0122351,0.0129951,8.1431,0.161459,0.57311,0.73501,0.525747
HFO-30,60,0.907039,0.0155134,0.0161166,8.20238,0.161428,0.569021,0.537396,0.509166
HFO-31,60,0.918973,0.012383,0.01315,8.19779,0.207027,0.614006,0.845599,0.390204
HFO-32,60,0.909169,0.0126785,0.0134131,8.17136,0.197572,0.599029,0.858697,0.172821
HFO-33,60,0.924504,0.0121214,0.0129131,8.16864,0.180845,0.625808,0.735745,0.519166
91500-21,35,0.0741964,0.00375481,0.00377177,7.54122,0.21249,0.635609,0.482303,-0.0647381
91500-22,35,0.0731895,0.00351449,0.00353211,7.38408,0.158295,0.512992,0.32378,0.0884004
91500-19,35,0.0755342,0.00410133,0.00411743,7.80395,0.182146,0.590867,0.104376,0.448647
91500-20,35,0.0726073,0.00316606,0.00318531,7.76986,0.166947,0.557733,0.337191,0.20694
91500-17,35,0.0781251,0.00352584,0.00354585,6.78842,0.144775,0.51862,0.352023,0.148062
91500-18,35,0.0731017,0.00325563,0.00327461,6.31261,0.123312,0.432269,0.192761,0.353362
91500-15,35,0.0771398,0.00366561,0.00368438,7.29861,0.174545,0.535344,0.202255,0.326419
91500-16,35,0.0761044,0.00444743,0.00446251,7.3113,0.161406,0.541595,0.134314,0.314746
91500-13,35,0.0775752,0.003786,0.00380438,7.94893,0.207678,0.606815,0.213582,0.285289
91500-14,35,0.07366,0.00350007,0.003518,8.14542,0.188663,0.589453,0.299281,0.255497
91500-11,35,0.0760107,0.00333987,0.00335987,6.7728,0.17873,0.546692,0.317497,0.283213
91500-12,35,0.0734276,0.0034382,0.00345633,6.57027,0.130497,0.522124,0.220293,0.164525
91500-1,35,0.0750136,0.00395588,0.00397234,6.46859,0.156107,0.488961,0.15472,0.28628
91500-2,35,0.0715971,0.00390846,0.00392364,6.22404,0.154896,0.466897,0.0566159,0.347868
91500-3,35,0.072182,0.00375941,0.00377544,7.28179,0.155468,0.54626,0.203857,0.186252
91500-4,35,0.0741366,0.00458695,0.00460082,7.46216,0.160099,0.544369,0.118778,0.23371
91500-5,35,0.0748381,0.00370636,0.00372384,6.94347,0.175481,0.563669,0.459273,-0.143013
91500-6,35,0.0788035,0.00363236,0.00365213,7.00607,0.131127,0.501979,0.275006,0.0827583
91500-7,35,0.0725579,0.0041223,0.00413708,7.21138,0.148465,0.51157,0.0865694,0.24763
91500-8,35,0.0722047,0.00448453,0.00449799,7.13707,0.142536,0.508803,0.0600946,0.359437
91500-9,35,0.0727495,0.0039878,0.00400316,6.72533,0.15524,0.517883,0.29736,0.188123
91500-10,35,0.0736826,0.00369484,0.00371184,6.77714,0.142872,0.496524,0.265947,0.0956584