,Final Pb206/U238_mean,Final Pb206/U238_2SE,Final Pb206/U238_prop2SE,Final Pb207/U235_mean,Final Pb207/U235_2SE,Final Pb207/U235_prop2SE,Final Pb207/Pb206_mean,Final Pb207/Pb206_2SE(int),Final Pb207/Pb206_2SE(prop),Final U238/Pb206_mean,Final U238/Pb206_2SE(int),Final U238/Pb206_2SE(prop),rho 207Pb/206Pb v 238U/206Pb,rho 206Pb/238U v 207Pb/235U
Acropolis_1,0.233609,0.00404678,0.019315,3.24579,0.0681596,0.369305,0.101199,0.00144204,0.00144204,4.29651,0.0738954,0.352698,0.705924,0.111951
Acropolis_10,0.29843,0.00400905,0.0218131,4.05268,0.0633717,0.423581,0.0976233,0.00106618,0.00106618,3.41919,0.0486894,0.264918,0.68641,0.166875
Acropolis_12,0.267119,0.00414302,0.0222548,3.68747,0.066727,0.418608,0.0993968,0.00129074,0.00129074,3.73809,0.0579411,0.311239,0.723615,0.0939258
Acropolis_13,0.209656,0.0037938,0.0184037,2.93309,0.0779085,0.349218,0.100824,0.00173364,0.00173364,4.97878,0.0932316,0.452264,0.74073,-0.0482151
Acropolis_15,0.260066,0.0047186,0.0216666,3.47387,0.0672263,0.393324,0.0993314,0.00137519,0.00137519,3.83117,0.0617498,0.283539,0.639033,0.317948
Acropolis_17,0.283493,0.00655079,0.0229806,3.9009,0.137298,0.452545,0.100027,0.00357738,0.00357738,3.64772,0.0858285,0.301091,0.318206,0.29963
Acropolis_18,0.278598,0.00509306,0.0231876,3.89925,0.120661,0.453161,0.102592,0.00340215,0.00340215,3.58921,0.0650059,0.295958,0.169053,0.425762
Acropolis_2,0.224783,0.0043265,0.0185646,3.08257,0.0791246,0.351425,0.0996304,0.00171368,0.00171368,4.48506,0.083145,0.356768,0.766775,-0.0861588
Acropolis_20,0.316561,0.00509487,0.0237091,4.31876,0.0801462,0.455314,0.098546,0.0012746,0.0012746,3.26072,0.055509,0.258313,0.720001,0.188105
Acropolis_21,0.253619,0.00404705,0.0214644,3.47716,0.0805257,0.401147,0.0993968,0.00176125,0.00176125,3.95551,0.0640857,0.339892,0.640988,0.0259931
Acropolis_22,0.210722,0.00328335,0.0187891,2.92145,0.0631427,0.341072,0.10069,0.00192481,0.00192481,5.06437,0.0851469,0.487257,0.426134,0.19367
Acropolis_23,0.22936,0.00336808,0.0187119,3.16387,0.0620772,0.357002,0.100332,0.00150471,0.00150471,4.3248,0.0621601,0.345339,0.638364,0.141763
Acropolis_24,0.233668,0.00328799,0.0192323,3.17367,0.0565254,0.359714,0.0996175,0.00174772,0.00174772,4.28005,0.0578727,0.338512,0.354419,0.42754
Acropolis_25,0.222146,0.00442218,0.0199131,2.99128,0.0882953,0.351358,0.0979592,0.0025363,0.0025363,4.61798,0.0893097,0.402161,0.471611,0.130682
Acropolis_26,0.297066,0.0026586,0.0227541,4.04518,0.0386828,0.431135,0.0986682,0.00057503,0.00057503,3.34083,0.0307316,0.263022,0.758499,0.266149
Acropolis_28,0.262757,0.00606206,0.0221671,3.54593,0.15545,0.425952,0.0974517,0.004033,0.004033,3.84767,0.0876334,0.320449,0.326111,0.210825
Acropolis_29,0.24071,0.00414339,0.0193497,3.2777,0.0641467,0.363108,0.0990317,0.0012215,0.0012215,4.18116,0.0702495,0.328066,0.759362,0.0334917
Acropolis_30,0.219073,0.00344974,0.0195265,2.92279,0.0540411,0.348206,0.0977956,0.00126035,0.00126035,4.80263,0.0808199,0.457463,0.722138,0.102309
Acropolis_4,0.245064,0.0037325,0.0199836,3.51922,0.0605014,0.395477,0.104369,0.00116165,0.00116165,4.09625,0.0632586,0.338683,0.788657,0.223985
Acropolis_5,0.24876,0.00482874,0.0206204,3.42548,0.0827744,0.390234,0.100068,0.00180781,0.00180781,4.06259,0.0789093,0.33697,0.685642,0.120792
Acropolis_6,0.212403,0.003855,0.0176577,2.9478,0.0899159,0.341441,0.0995769,0.00275196,0.00275196,4.70621,0.0858627,0.393291,0.431896,0.208903
Acropolis_8,0.291609,0.00423062,0.0238676,4.00695,0.0931929,0.458872,0.0992815,0.00194493,0.00194493,3.42429,0.0478717,0.270075,0.371544,0.22811
Acropolis_9,0.262738,0.00346866,0.021635,3.66783,0.0768845,0.417491,0.101204,0.00193599,0.00193599,3.8271,0.0502682,0.313536,0.402715,0.217338
BRe_grain_01_1,8.58832,1.01156,1.22997,1004.49,109.371,157.098,0.857604,0.0153922,0.0153922,0.162783,0.0119875,0.0145757,0.133027,0.994759
BRe_grain_01_10,7.52652,1.37833,1.50662,860.685,139.643,169.369,0.857671,0.016741,0.016741,0.194726,0.0130612,0.0142768,0.3877,0.997404
BRe_grain_01_11,10.92,2.44488,2.59997,1315.87,299.679,333.747,0.835188,0.0199686,0.0199686,0.151305,0.0205707,0.0218757,0.241933,0.996072
BRe_grain_01_2,9.8631,2.03751,2.18948,1138.58,219.406,253.768,0.859729,0.0182402,0.0182402,0.166993,0.0160672,0.0172656,0.229738,0.996556
BRe_grain_01_3,7.95834,1.39195,1.53463,867.21,124.49,157.841,0.842367,0.0214942,0.0214942,0.187214,0.0207427,0.0228688,0.229106,0.996077
BRe_grain_01_4,11.2837,0.972645,1.33548,1318.98,108.719,183.148,0.845799,0.0113976,0.0113976,0.114334,0.00770234,0.0105757,0.176359,0.994977
BRe_grain_01_5,5.03836,0.24946,0.478789,599.716,29.5802,73.2598,0.858932,0.0217739,0.0217739,0.226681,0.0107749,0.0206804,0.312493,0.893742
BRe_grain_01_6,13.6654,1.3091,1.71363,1588.62,146.322,229.746,0.843226,0.0133317,0.0133317,0.0989829,0.0071971,0.00942111,0.0743776,0.993938
BRe_grain_01_7,7.61852,1.01,1.18322,858.526,94.0346,134.157,0.856584,0.0189416,0.0189416,0.192427,0.0158923,0.0186179,0.269297,0.99486
BRe_grain_01_8,7.6046,1.07241,1.23623,852.346,107.721,143.608,0.841556,0.0203559,0.0203559,0.186424,0.0145305,0.0167501,0.425956,0.990068
BRe_grain_01_9,8.56394,1.5051,1.65676,970.731,160.959,193.921,0.83702,0.0193215,0.0193215,0.184,0.0148218,0.0163153,0.305269,0.997059
BRe_grain_02_1,11.3099,0.246851,0.945379,1344.92,27.3056,152.092,0.877869,0.00414739,0.00414739,0.0895851,0.0019247,0.00737116,0.173911,0.950618
BRe_grain_02_2,13.1185,0.157939,1.06727,1565.28,19.2697,174.76,0.879431,0.00449109,0.00449109,0.0762816,0.000948516,0.00640955,0.169904,0.888905
BRe_grain_02_3,10.3111,0.273623,0.875963,1228.89,30.7715,140.01,0.875807,0.00443379,0.00443379,0.0985912,0.00236804,0.00758092,0.0977397,0.972524
BRe_grain_02_4,11.962,0.125793,0.974422,1419.31,13.3179,158.705,0.875783,0.00415862,0.00415862,0.0836813,0.000833322,0.0064551,0.271958,0.826835
BRe_grain_02_5,10.5731,0.131234,0.861008,1259.09,12.8427,139.974,0.879795,0.00551544,0.00551544,0.0950817,0.00112008,0.00734868,0.320447,0.825995
BRe_grain_02_6,9.49005,0.176473,0.784078,1127.41,19.8236,126.433,0.876123,0.00466452,0.00466452,0.107057,0.00196272,0.00872044,0.166045,0.945617
BRe_grain_02_7,9.82695,0.267838,0.837309,1167.36,29.9867,133.092,0.875449,0.00441991,0.00441991,0.104937,0.00265489,0.00829963,0.0821333,0.97103
BRe_grain_02_8,10.9537,0.475443,1.00598,1311.57,54.9699,156.146,0.88019,0.00468761,0.00468761,0.097705,0.00361785,0.00765494,-0.0653581,0.986281
BRe_grain_02_9,11.9725,0.125899,0.976278,1430.23,14.6344,159.803,0.875873,0.00424534,0.00424534,0.0843635,0.000917116,0.00711175,0.344118,0.827329
BRe_grain_04_1,5.70341,0.252059,0.526976,685.688,32.0859,83.0924,0.868391,0.00855019,0.00855019,0.187635,0.0089156,0.0186397,0.0850359,0.97755
BRe_grain_04_10,2.85332,0.184346,0.292782,332.721,21.8704,42.6143,0.833594,0.012348,0.012348,0.375977,0.0224239,0.035614,-0.144428,0.976716
BRe_grain_04_16,4.53132,0.176927,0.405758,532.067,20.7257,62.6467,0.848298,0.00921185,0.00921185,0.272749,0.0116356,0.0266846,0.0178946,0.96357
BRe_grain_04_2,3.0154,0.163565,0.294436,349.297,20.2524,44.0058,0.840628,0.00778756,0.00778756,0.374289,0.0203167,0.0365724,-0.16257,0.982548
BRe_grain_04_3,3.02434,0.120405,0.273728,347.541,14.4652,41.5071,0.837532,0.00838646,0.00838646,0.345078,0.0145816,0.0331498,-0.0400964,0.981794
BRe_grain_04_4,2.82581,0.0974237,0.249257,335.065,11.7037,39.2622,0.856379,0.00934447,0.00934447,0.362622,0.0130731,0.0334474,0.123785,0.931027
BRe_grain_04_6,2.00873,0.0999934,0.192066,230.831,11.7727,28.5006,0.828715,0.00821624,0.00821624,0.531777,0.0224861,0.0431909,-0.0615081,0.97989
BRe_grain_04_7,2.90471,0.0930842,0.249536,337.832,10.2566,38.5781,0.84366,0.00874145,0.00874145,0.338108,0.0104881,0.0281159,0.0849378,0.965645
BRe_grain_04_8,3.90895,0.161687,0.348762,463.957,18.5566,53.8539,0.861061,0.00887818,0.00887818,0.261677,0.0103242,0.0222694,0.0299681,0.97321
BRe_grain_04_9,2.60593,0.066341,0.221825,303.317,8.31667,34.8013,0.834055,0.00800561,0.00800561,0.379992,0.0109038,0.0364591,0.157818,0.956686
BRe_grain_05_10,1.01825,0.103993,0.132583,99.7923,11.3883,15.9135,0.696064,0.0161888,0.0161888,1.52825,0.111146,0.141702,-0.385998,0.990148
BRe_grain_05_11,1.52064,0.171349,0.210713,156.694,18.3004,25.2669,0.749189,0.0147713,0.0147713,0.999056,0.0662642,0.0814869,-0.00893501,0.994079
BRe_grain_05_2,5.54488,0.533444,0.700848,600.776,57.9478,89.2678,0.784538,0.0138757,0.0138757,0.246296,0.0145782,0.0191531,0.163723,0.990376
BRe_grain_05_3,6.08938,0.747195,0.899948,669.879,80.5075,110.756,0.798954,0.0167942,0.0167942,0.250614,0.0203202,0.0244744,0.0752561,0.993243
BRe_grain_05_4,4.87898,1.05833,1.13187,517.673,112.436,126.826,0.761425,0.0164664,0.0164664,0.397619,0.0332103,0.0355178,-0.0662412,0.997552
BRe_grain_05_6,1.37842,0.152895,0.189761,140.142,16.4026,22.738,0.734719,0.0132586,0.0132586,1.10287,0.0654261,0.0812018,-0.152693,0.993916
BRe_grain_05_7,1.88145,0.157481,0.219563,201.675,17.7922,28.766,0.768372,0.0120466,0.0120466,0.795968,0.0506747,0.0706515,-0.0267651,0.989059
BRe_grain_05_8,2.40783,0.298906,0.357042,250.493,29.9533,41.0034,0.786671,0.0140012,0.0140012,0.727989,0.0520288,0.0621481,-0.0830943,0.990105
BRe_grain_05_9,3.7333,0.239705,0.3854,423.096,26.1984,53.9347,0.827872,0.0117046,0.0117046,0.382471,0.0212622,0.0341857,0.253042,0.978109
BRe_grain_06_1,5.09998,0.249006,0.47829,612.196,27.6244,72.9519,0.88013,0.00963785,0.00963785,0.23361,0.00971098,0.0186529,0.216278,0.982353
BRe_grain_06_2,5.26666,0.267179,0.498956,633.313,29.3198,75.7517,0.878556,0.0116978,0.0116978,0.220114,0.00972,0.0181521,0.235028,0.986003
BRe_grain_06_3,8.26908,1.03109,1.22718,976.533,110.166,154.445,0.891569,0.0191331,0.0191331,0.18039,0.0140803,0.0167581,0.369792,0.992746
BRe_grain_06_4,6.94868,0.640046,0.849226,808.691,65.4128,110.882,0.872655,0.0109734,0.0109734,0.177268,0.0102186,0.0135583,0.160146,0.992673
BRe_grain_06_5,6.56211,0.47075,0.705549,795.618,53.5087,102.794,0.881341,0.0133208,0.0133208,0.170428,0.00849525,0.0127325,0.260946,0.987026
BRe_grain_06_6,7.38205,0.82194,1.01336,870.439,88.2798,130.61,0.875405,0.0124544,0.0124544,0.165147,0.00957833,0.011809,0.214509,0.993817
BRe_grain_06_7,4.89068,0.198154,0.437311,601.372,24.5212,70.448,0.889634,0.0106317,0.0106317,0.210491,0.00733837,0.0161952,0.437576,0.989685
BRe_grain_07_1,13.6747,0.328895,1.16653,1644.42,39.0996,189.797,0.874847,0.00658624,0.00658624,0.0738427,0.00183284,0.00650074,0.133895,0.936652
BRe_grain_07_2,10.617,0.486882,0.981827,1267.01,55.9746,150.932,0.865059,0.00896741,0.00896741,0.0984541,0.00457195,0.00921961,0.221585,0.976959
BRe_grain_07_3,4.56314,0.347787,0.511262,530.958,37.7703,71.013,0.848271,0.0122099,0.0122099,0.241302,0.0139286,0.0204757,0.292202,0.996314
BRe_grain_07_4,2.90932,0.234213,0.334641,328.698,25.7178,45.2472,0.827069,0.0165679,0.0165679,0.39328,0.0195613,0.027949,0.195058,0.990638
BRe_grain_07_5,7.93672,0.389142,0.76011,942.065,41.3194,114.61,0.86506,0.00946347,0.00946347,0.137612,0.00609303,0.0119015,0.293575,0.990684
BRe_grain_07_6,6.83189,0.540953,0.778993,810.056,61.6612,110.448,0.86387,0.0109559,0.0109559,0.182784,0.0124332,0.0179043,0.0492779,0.993586
BRe_grain_09_1,1.98355,0.0322949,0.158026,230.313,3.67892,24.9585,0.845791,0.00508813,0.00508813,0.561869,0.00874288,0.0427809,0.286746,0.909855
BRe_grain_09_2,2.42729,0.0369828,0.194583,283.471,4.68818,31.1867,0.849672,0.00513198,0.00513198,0.472813,0.00712238,0.0374739,0.206418,0.905436
BRe_grain_09_3,1.89429,0.018763,0.151184,219.42,2.13644,23.9503,0.844444,0.004291,0.004291,0.620048,0.00577018,0.0464935,0.448777,0.807667
BRe_grain_09_4,2.17393,0.0215287,0.178609,252.843,2.22659,28.3888,0.845893,0.00426132,0.00426132,0.553663,0.00583151,0.0483801,0.314075,0.837267
BRe_grain_100_1,4.5079,0.122942,0.386164,537.273,14.8353,61.9605,0.861206,0.00933007,0.00933007,0.22404,0.00640222,0.0201096,0.0166455,0.923411
BRe_grain_100_2,3.80439,0.0863247,0.3217,446.489,9.63717,50.9292,0.849901,0.00590883,0.00590883,0.266165,0.00638913,0.0238099,0.306426,0.935101
BRe_grain_100_3,3.71404,0.0923259,0.316872,437.232,10.8901,50.264,0.850707,0.00657084,0.00657084,0.273999,0.00777528,0.0266855,0.209599,0.947283
BRe_grain_100_4,3.48473,0.0753014,0.295871,403.645,8.13092,46.2929,0.837709,0.00767054,0.00767054,0.288972,0.0062077,0.024391,0.259659,0.901636
BRe_grain_100_5,2.95943,0.0330095,0.241905,345.21,4.10181,38.7015,0.838174,0.00634866,0.00634866,0.335457,0.00370942,0.0271839,0.368743,0.752606
BRe_grain_101_1,3.9701,0.0816729,0.324561,472.544,8.29698,53.607,0.852458,0.00718412,0.00718412,0.252088,0.00515922,0.0205023,0.366222,0.90515
BRe_grain_101_2,4.46006,0.0864513,0.374585,536.065,9.97618,61.0904,0.8546,0.00843055,0.00843055,0.221889,0.00418865,0.018149,0.356057,0.852343
BRe_grain_101_3,2.74136,0.0717559,0.235538,325.037,8.18441,37.5392,0.839861,0.00752289,0.00752289,0.367832,0.009925,0.0325788,0.201659,0.940528
BRe_grain_101_4,2.23338,0.103815,0.210266,266.865,12.4347,32.5644,0.845107,0.0067525,0.0067525,0.469986,0.0174561,0.0353555,-0.0204453,0.982748
BRe_grain_101_5,2.57375,0.17029,0.270422,301.949,19.7484,39.2832,0.831261,0.00664468,0.00664468,0.439438,0.0252672,0.0401245,-0.146915,0.991345
BRe_grain_102_1,5.75772,0.683694,0.828068,689.373,81.0559,111.839,0.871994,0.0224166,0.0224166,0.245232,0.0207011,0.0250725,0.131801,0.989354
BRe_grain_102_2,8.7419,1.28735,1.46945,1031.51,138.968,180.495,0.889341,0.0248254,0.0248254,0.182077,0.0171388,0.0195632,0.340033,0.990878
BRe_grain_102_3,14.9144,2.77218,3.02349,1758.79,313.554,369.833,0.888531,0.0272754,0.0272754,0.130597,0.0141179,0.0153978,0.198616,0.990037
BRe_grain_102_4,10.7017,1.79455,1.99145,1204.6,170.719,216.917,0.888893,0.0116847,0.0116847,0.14443,0.0108116,0.0119979,0.145718,0.997598
BRe_grain_102_5,16.0059,2.48537,2.80029,1838.81,260.479,331.089,0.890996,0.0245681,0.0245681,0.102539,0.0108351,0.012208,0.331485,0.989535
BRe_grain_102_6,45.8368,11.9742,12.5376,5328.35,1353.95,1479.11,0.879107,0.0231504,0.0231504,0.0591297,0.0076845,0.00804606,0.209188,0.998834
BRe_grain_103_1,2.94646,0.0623904,0.252983,337.651,6.22695,39.2941,0.832999,0.00698285,0.00698285,0.356723,0.00689937,0.0279758,0.32504,0.916334
BRe_grain_103_2,3.96513,0.0863197,0.339764,462.047,10.2188,53.7006,0.840125,0.00809048,0.00809048,0.262851,0.00573836,0.0225868,0.287363,0.90653
BRe_grain_103_3,4.14971,0.0847588,0.352267,486.216,9.26648,54.4805,0.846501,0.00807629,0.00807629,0.24714,0.00533091,0.0221558,0.373687,0.877351
BRe_grain_104_1,4.69832,0.235475,0.449131,564.122,27.5162,69.0477,0.856019,0.00529264,0.00529264,0.229029,0.0103269,0.019697,0.00726183,0.987192
BRe_grain_104_2,6.57579,0.180917,0.56541,796.262,21.9631,92.096,0.863388,0.00577875,0.00577875,0.153975,0.00439119,0.0137236,0.214638,0.956524
BRe_grain_104_3,6.74734,0.117111,0.561161,817.027,13.2491,92.64,0.864737,0.00753825,0.00753825,0.147816,0.00259712,0.0124446,0.430941,0.84631
BRe_grain_104_4,2.97678,0.0491618,0.245798,350.949,5.20429,39.3704,0.844893,0.00599104,0.00599104,0.334812,0.00546801,0.0273387,0.210593,0.884309
BRe_grain_104_5,5.16001,0.133824,0.440457,621.971,16.281,71.6708,0.862007,0.00686404,0.00686404,0.196525,0.00530717,0.0174676,0.142917,0.933002
BRe_grain_104_6,4.95878,0.215029,0.456512,594.684,26.0032,71.5044,0.861739,0.00710921,0.00710921,0.215693,0.0101492,0.0215469,0.147885,0.980356
BRe_grain_105_1,3.00298,0.0721664,0.254543,347.981,8.22783,39.8334,0.852422,0.00884337,0.00884337,0.38803,0.00893143,0.0315027,0.135692,0.874689
BRe_grain_105_2,3.66714,0.0779357,0.306392,431.441,9.44313,48.9612,0.861951,0.00781142,0.00781142,0.314757,0.00710844,0.0279457,0.178598,0.88562
BRe_grain_105_3,2.51441,0.0883953,0.220717,286.941,10.1444,33.3772,0.835954,0.00785132,0.00785132,0.46734,0.016351,0.0408272,0.136392,0.958888
BRe_grain_105_4,3.67619,0.136756,0.324211,428.555,16.1247,49.9027,0.855538,0.00777279,0.00777279,0.316336,0.0124278,0.0294629,0.0485007,0.9663
BRe_grain_105_5,2.69084,0.0740217,0.22567,310.335,8.84585,35.0698,0.845418,0.00848633,0.00848633,0.408906,0.0111882,0.0341094,0.139717,0.938004
BRe_grain_106_1,1.32262,0.036224,0.109367,144.594,3.82482,15.9619,0.800775,0.0105264,0.0105264,0.794945,0.0221449,0.0668593,0.274911,0.898832
BRe_grain_106_2,1.50632,0.0275586,0.122594,161.728,3.20185,18.0582,0.766458,0.00720115,0.00720115,0.737652,0.0139811,0.0621946,0.244949,0.864099
BRe_grain_106_3,1.79323,0.0561722,0.154543,200.13,5.67752,22.8747,0.799862,0.00717286,0.00717286,0.636701,0.0185605,0.0510641,0.293971,0.957061
BRe_grain_107_1,9.79608,0.321207,0.869813,1162.85,35.9085,137.525,0.860719,0.005747,0.005747,0.116776,0.00355803,0.00963496,0.226631,0.97194
BRe_grain_107_2,11.4782,0.270042,0.986716,1370.34,33.1089,159.688,0.865783,0.00596152,0.00596152,0.0954752,0.00226277,0.00826803,0.155358,0.949381
BRe_grain_107_3,11.1942,0.261753,0.971284,1327.95,30.6866,156.129,0.865754,0.00552956,0.00552956,0.0975659,0.00245319,0.00910303,0.320849,0.953919
BRe_grain_107_4,7.47553,0.193542,0.653057,872.923,23.0917,102.884,0.854603,0.0056364,0.0056364,0.144159,0.00374454,0.012635,0.0818196,0.956428
BRe_grain_108_1,4.66016,0.13292,0.403396,569.725,17.0406,66.3691,0.86131,0.00904889,0.00904889,0.224759,0.00637696,0.0193533,0.157063,0.919517
BRe_grain_108_2,3.81292,0.11888,0.332429,456.771,13.1594,52.934,0.850221,0.011103,0.011103,0.278309,0.00848878,0.0237376,0.248274,0.909271
BRe_grain_108_3,3.85359,0.135606,0.342155,463.082,16.202,54.5164,0.847696,0.00810163,0.00810163,0.276703,0.00887339,0.022389,0.071395,0.973256
BRe_grain_108_4,6.15319,0.516249,0.718792,742.351,60.6923,102.967,0.858183,0.00890672,0.00890672,0.222949,0.0185221,0.0257889,-0.0502288,0.99062
BRe_grain_108_5,3.08127,0.191729,0.315357,354.496,20.1963,44.559,0.83484,0.00956606,0.00956606,0.378709,0.020307,0.0334009,0.00631202,0.983725
BRe_grain_108_6,2.92013,0.124844,0.267901,349.915,14.1268,41.605,0.850287,0.0076627,0.0076627,0.372071,0.0144097,0.0309216,0.116963,0.973073
BRe_grain_109_1,2.84596,0.0743247,0.245351,321.819,8.68986,37.3666,0.834786,0.00709138,0.00709138,0.355243,0.0102105,0.0337057,0.0776178,0.944691
BRe_grain_109_2,3.65289,0.0936968,0.313504,418.361,10.92,48.401,0.84536,0.00889481,0.00889481,0.275555,0.00737756,0.0246849,0.182166,0.907383
BRe_grain_110_1,3.59642,0.110979,0.307422,427.039,12.6554,48.5809,0.88187,0.00855337,0.00855337,0.296409,0.00979334,0.0271284,0.183634,0.94218
BRe_grain_110_2,8.40575,0.282835,0.731057,1033.54,39.192,120.999,0.9058,0.00871667,0.00871667,0.125227,0.00419432,0.0108413,-0.100545,0.953226
BRe_grain_110_3,4.41453,0.0925167,0.361414,529.417,10.69,58.8401,0.889688,0.00793691,0.00793691,0.229767,0.00476972,0.0186328,0.261651,0.878268
BRe_grain_111_1,4.27609,0.0803821,0.369114,500.482,9.05533,59.0317,0.867215,0.00496954,0.00496954,0.233684,0.00413864,0.0190046,0.157798,0.924539
BRe_grain_111_2,3.20382,0.0455551,0.25611,373.73,5.34936,40.9494,0.861519,0.00611055,0.00611055,0.307992,0.004524,0.0254338,0.346896,0.836228
BRe_grain_111_3,4.31489,0.0647746,0.364132,504.471,6.44996,58.5228,0.864453,0.00579877,0.00579877,0.228641,0.00335215,0.0188442,0.448647,0.84851
BRe_grain_111_4,3.64925,0.0752807,0.307718,424.884,8.2406,47.3418,0.858585,0.00678601,0.00678601,0.271903,0.00559026,0.0228508,0.321291,0.893105
BRe_grain_111_5,3.37708,0.0437356,0.274788,398.096,4.97699,44.1947,0.862607,0.0060031,0.0060031,0.291357,0.00388568,0.0244135,0.268314,0.798543
BRe_grain_111_6,4.64475,0.0792815,0.385414,550.337,8.80341,62.4078,0.865395,0.00730559,0.00730559,0.213216,0.0036716,0.0178489,0.345528,0.847169
BRe_grain_112_1,2.50961,0.0579756,0.213451,291.882,6.58116,33.5578,0.835275,0.0124538,0.0124538,0.412701,0.00936444,0.0344774,0.312682,0.781989
BRe_grain_112_2,0.846251,0.0340454,0.0762099,88.7371,4.40122,10.8059,0.737682,0.0102898,0.0102898,1.26569,0.048893,0.109446,-0.328631,0.951787
BRe_grain_12_1,10.8984,0.201477,0.910614,1324.66,24.6241,150.81,0.887856,0.00641417,0.00641417,0.113983,0.00216783,0.00979795,0.285257,0.911373
BRe_grain_12_2,11.7795,0.229655,0.982912,1423.28,27.2024,161.453,0.883538,0.00747173,0.00747173,0.105636,0.00194134,0.00830883,0.383926,0.88561
BRe_grain_12_3,11.5979,0.187583,0.954779,1397.71,21.232,156.837,0.880504,0.00645064,0.00645064,0.106254,0.00167624,0.00853189,0.44682,0.857233
BRe_grain_12_4,11.5613,0.206801,0.957319,1398.93,23.1521,157.579,0.8846,0.00674513,0.00674513,0.104372,0.00180203,0.00834191,0.479799,0.881655
BRe_grain_12_5,11.9936,0.196808,0.97202,1456.54,24.3444,161.775,0.885375,0.00585705,0.00585705,0.0966693,0.0015259,0.00753632,0.342246,0.893545
BRe_grain_12_6,11.7522,0.205546,0.949261,1428.6,23.8714,157.139,0.887592,0.00550199,0.00550199,0.0946129,0.00159007,0.00734333,0.399891,0.906394
BRe_grain_13_1,11.8743,0.663224,1.15234,1439.68,78.1646,175.863,0.880335,0.0111147,0.0111147,0.0933334,0.00468738,0.00814427,0.150924,0.981821
BRe_grain_13_2,19.5433,1.34996,2.0809,2441.87,172.93,322.752,0.871023,0.0141097,0.0141097,0.0637775,0.00382046,0.00588906,0.261668,0.984538
BRe_grain_13_3,11.219,0.368017,0.985738,1390.19,46.3039,162.764,0.869755,0.00722589,0.00722589,0.10173,0.00312495,0.00837022,0.0868907,0.96538
BRe_grain_13_4,15.0608,0.536217,1.3437,1873.54,59.5527,219.453,0.880324,0.0104492,0.0104492,0.0760686,0.00260957,0.00653927,0.33083,0.949174
BRe_grain_13_5,12.9885,0.495965,1.18086,1600.72,57.5308,191.028,0.876956,0.0126801,0.0126801,0.088041,0.00354146,0.00843197,0.318684,0.926501
BRe_grain_13_6,20.4429,0.595625,1.81372,2581.8,73.4164,307.296,0.888007,0.00588326,0.00588326,0.0532544,0.00157354,0.00479152,0.250412,0.971678
BRe_grain_13_7,18.1535,0.74482,1.68047,2265.04,89.6966,274.625,0.881872,0.00596696,0.00596696,0.0610833,0.00277826,0.00626833,0.279578,0.982925
BRe_grain_13_8,12.6347,0.502943,1.1226,1575.33,58.7736,188.782,0.881043,0.0108722,0.0108722,0.0852073,0.00331036,0.0073889,0.162911,0.959059
BRe_grain_14_1,1.53183,0.0295092,0.133001,171.962,3.37998,20.2648,0.797298,0.00713519,0.00713519,0.677035,0.0136609,0.0615713,0.311924,0.872772
BRe_grain_14_2,1.69956,0.0239816,0.146869,191.939,2.8577,22.4815,0.804716,0.00713074,0.00713074,0.60002,0.00839512,0.0514137,0.40581,0.771909
BRe_grain_14_3,1.15324,0.0207845,0.0998794,124.313,2.23181,14.6907,0.770941,0.00794918,0.00794918,0.88699,0.016126,0.0774933,0.339452,0.815875
BRe_grain_14_4,1.12599,0.0244806,0.098007,121.934,2.6482,14.4358,0.775296,0.00654957,0.00654957,0.913058,0.0194938,0.0780425,0.0956636,0.916412
BRe_grain_14_5,1.06928,0.0262859,0.0927297,116.654,2.89697,13.7121,0.780503,0.00616372,0.00616372,0.958949,0.0239429,0.0844641,0.175597,0.956337
BRe_grain_14_6,1.01552,0.0150994,0.0853401,109.058,1.4642,12.5441,0.772605,0.00644556,0.00644556,1.00469,0.0146716,0.0829221,0.45356,0.788873
BRe_grain_14_7,0.97109,0.0140025,0.0804288,103.266,1.41707,11.7143,0.766174,0.0059758,0.0059758,1.05008,0.0153172,0.0879805,0.469991,0.806172
BRe_grain_14_8,0.959922,0.015587,0.0786771,102.204,1.53839,11.4431,0.770583,0.00691359,0.00691359,1.06287,0.0177408,0.0895489,0.438047,0.817784
BRe_grain_17_1,7.16765,0.120488,0.601095,884.197,14.4829,101.166,0.875984,0.00595422,0.00595422,0.14029,0.00249074,0.0124259,0.403581,0.902413
BRe_grain_17_10,9.87272,0.139081,0.84101,1176.11,16.6428,136.439,0.884191,0.00485492,0.00485492,0.101319,0.00147966,0.00894737,0.189633,0.896037
BRe_grain_17_11,9.55094,0.135893,0.812632,1134.91,15.5206,131.744,0.882044,0.00521952,0.00521952,0.105603,0.00153038,0.00915158,0.2231,0.874808
BRe_grain_17_2,6.73092,0.123649,0.565098,830.142,15.5359,95.0365,0.875755,0.00545971,0.00545971,0.150099,0.00289725,0.0132409,0.159362,0.919947
BRe_grain_17_3,8.23449,0.0877989,0.677643,1017.12,10.0037,115.206,0.876684,0.00503586,0.00503586,0.121823,0.00130047,0.0100372,0.48979,0.813501
BRe_grain_17_4,7.25718,0.101924,0.597181,895.541,12.4993,101.274,0.878762,0.00443116,0.00443116,0.138421,0.00201553,0.0118092,0.345429,0.906987
BRe_grain_17_5,7.09536,0.11945,0.583619,867.525,15.1079,98.02,0.876428,0.00479198,0.00479198,0.142337,0.00247639,0.0120993,0.155963,0.924932
BRe_grain_17_6,10.3596,0.126294,0.874085,1227.25,13.5045,140.483,0.877,0.00496703,0.00496703,0.0951815,0.00120699,0.00835357,0.32889,0.811587
BRe_grain_17_7,8.53836,0.118965,0.730719,1010.45,12.3558,118.829,0.882399,0.00549309,0.00549309,0.115869,0.00157005,0.00964374,0.340202,0.849905
BRe_grain_17_8,7.97695,0.0975195,0.6835,946.508,10.5361,111.352,0.882198,0.00480092,0.00480092,0.123765,0.00150083,0.0105191,0.343154,0.874415
BRe_grain_17_9,10.7203,0.126352,0.921965,1277.56,14.4561,150.757,0.884402,0.00461096,0.00461096,0.0925026,0.00106851,0.0077967,0.230775,0.873869
BRe_grain_18_1,2.54646,0.0828263,0.223732,273.543,7.74359,31.6115,0.796032,0.0142249,0.0142249,0.408479,0.0113729,0.0307206,0.310417,0.936819
BRe_grain_18_2,3.5887,0.11067,0.312222,406.553,12.1303,47.0465,0.834435,0.0121274,0.0121274,0.2924,0.00828706,0.0233794,0.215375,0.96072
BRe_grain_18_3,10.2537,0.176522,0.856463,1228.5,20.4417,139.676,0.880546,0.0064204,0.0064204,0.100995,0.00181715,0.00881663,0.278928,0.887369
BRe_grain_18_4,11.5123,0.213306,0.962035,1382.6,26.0262,157.14,0.880853,0.00495452,0.00495452,0.0912924,0.00168624,0.00760516,0.197346,0.930553
BRe_grain_19_1,18.5483,1.84409,2.38018,2201.8,197.486,315.621,0.870497,0.00757833,0.00757833,0.0660314,0.00334618,0.00431893,0.245554,0.998825
BRe_grain_19_2,14.1922,0.443458,1.23956,1711.14,54.6802,199.953,0.870836,0.00802032,0.00802032,0.0786526,0.0026158,0.00731173,0.0495469,0.946413
BRe_grain_19_3,13.772,0.685307,1.31644,1647.84,76.9035,209.939,0.871751,0.00799131,0.00799131,0.0814638,0.0035679,0.00685374,0.168419,0.983366
BRe_grain_19_4,16.5761,0.804347,1.57577,1990.71,90.2061,241.652,0.869943,0.00984777,0.00984777,0.0686991,0.00311998,0.00611227,0.162723,0.980181
BRe_grain_20_1,13.9988,0.243746,1.18862,1737.91,28.255,201.608,0.900063,0.00841603,0.00841603,0.0725927,0.00131549,0.00641498,0.516863,0.839885
BRe_grain_20_2,13.6962,0.215633,1.12974,1677.95,20.7238,184.898,0.88809,0.0090436,0.0090436,0.0731886,0.00119354,0.0062532,0.735345,0.736144
BRe_grain_20_3,13.5253,0.19541,1.13112,1674.46,21.0377,191.811,0.898581,0.00774071,0.00774071,0.0736002,0.000988989,0.00572469,0.597295,0.759302
BRe_grain_20_4,12.5758,0.152328,1.0635,1549.48,17.8593,179.398,0.892568,0.00501265,0.00501265,0.0790953,0.000980802,0.00684761,0.486228,0.838104
BRe_grain_20_5,11.9703,0.127917,0.975905,1479.06,12.9626,164.354,0.894507,0.00558755,0.00558755,0.0826808,0.000879964,0.0067134,0.676376,0.660942
BRe_grain_21_1,7.54023,0.223007,0.653213,890.041,25.3396,102.902,0.85924,0.00958467,0.00958467,0.134234,0.00381772,0.0111826,0.0988721,0.926718
BRe_grain_21_2,6.33795,0.140854,0.533344,751.432,16.7938,85.7956,0.854616,0.00727287,0.00727287,0.15796,0.0036261,0.0137302,0.230696,0.949117
BRe_grain_21_3,14.5267,1.27514,1.73554,1698.64,144.712,238.617,0.845041,0.0185554,0.0185554,0.0864578,0.00712123,0.00969245,0.186116,0.979108
BRe_grain_22_1,8.16831,0.259642,0.7127,1010.94,31.0436,117.454,0.902568,0.00983063,0.00983063,0.12675,0.00387389,0.0106336,0.204554,0.930313
BRe_grain_22_2,4.71865,0.139379,0.406224,568.022,16.1466,65.2828,0.865335,0.0107041,0.0107041,0.218501,0.00689878,0.0201068,0.303874,0.893866
BRe_grain_22_3,8.86423,0.212678,0.750697,1092.1,27.5385,125.335,0.890718,0.00866004,0.00866004,0.11475,0.00266267,0.00939854,0.226381,0.912412
BRe_grain_22_4,7.21666,0.246669,0.636608,899.519,33.4505,106.232,0.897323,0.00858176,0.00858176,0.14531,0.00507012,0.013085,-0.019073,0.959576
BRe_grain_22_5,2.62415,0.148313,0.25981,290.221,17.7826,37.068,0.792725,0.00834483,0.00834483,0.416084,0.0177609,0.0311129,-0.26264,0.985979
BRe_grain_23_1,6.44313,0.168615,0.548445,774.522,19.4006,88.5614,0.867733,0.00738198,0.00738198,0.159623,0.00422534,0.0137435,0.246113,0.933376
BRe_grain_23_2,5.67275,0.124903,0.476499,681.636,14.7665,77.5402,0.865554,0.00540176,0.00540176,0.178875,0.00403326,0.0153866,0.18307,0.948575
BRe_grain_23_3,5.92478,0.153813,0.504879,711.371,17.6106,81.4808,0.86512,0.00487871,0.00487871,0.173462,0.00467663,0.0153506,0.179573,0.966489
BRe_grain_26_1,15.1358,0.375275,1.28457,1860.88,49.2531,213.911,0.882999,0.00851319,0.00851319,0.0670878,0.0017675,0.00605014,0.198289,0.923117
BRe_grain_26_2,9.26387,0.415342,0.859402,1152.13,54.1615,139.877,0.881809,0.00861411,0.00861411,0.114356,0.00568517,0.0117634,0.0316065,0.971164
BRe_grain_26_3,7.17954,0.211537,0.620791,889.355,22.9707,102.29,0.897722,0.010165,0.010165,0.142745,0.00388203,0.0113924,0.296112,0.916351
BRe_grain_26_4,5.27653,0.230634,0.487412,642.068,27.4155,77.0738,0.877706,0.0096525,0.0096525,0.20086,0.00879882,0.018595,0.0689447,0.971157
BRe_grain_26_5,6.77569,0.251345,0.606442,846.564,33.0286,100.663,0.89045,0.00892467,0.00892467,0.153459,0.0061969,0.0149518,0.183428,0.96204
BRe_grain_26_6,6.33963,0.190745,0.551376,791.188,20.5963,91.4243,0.901256,0.00862474,0.00862474,0.160802,0.00455442,0.0131652,0.373583,0.960386
BRe_grain_26_7,7.52233,0.642252,0.8876,916.77,73.4929,126.447,0.886819,0.00923482,0.00923482,0.159351,0.0105228,0.0145426,0.304257,0.995002
BRe_grain_27_1,10.5476,0.260601,0.901124,1276.14,31.2204,146.976,0.881078,0.00517527,0.00517527,0.0988352,0.00257312,0.0088975,0.200176,0.952109
BRe_grain_27_2,9.76338,0.607744,1.00085,1162.72,67.9772,147.112,0.869869,0.00683891,0.00683891,0.117003,0.0057177,0.00941603,0.145655,0.98995
BRe_grain_27_3,9.40865,0.255691,0.808658,1133.82,28.8113,130.526,0.871933,0.00594635,0.00594635,0.110883,0.00294049,0.00929971,0.266795,0.96027
BRe_grain_27_4,7.44772,0.163721,0.627217,890.184,20.2022,101.681,0.866055,0.00637792,0.00637792,0.141263,0.00321228,0.0123063,0.210008,0.932012
BRe_grain_27_5,9.72226,0.321419,0.853442,1186.8,39.3367,138.58,0.875795,0.0070098,0.0070098,0.109352,0.00364521,0.00967887,0.157536,0.965135
BRe_grain_28_1,8.97215,0.140769,0.741642,1052.99,16.5938,118.969,0.845297,0.00728045,0.00728045,0.116258,0.00177251,0.00933845,0.416613,0.80913
BRe_grain_28_2,8.85889,0.123546,0.729166,1033.32,13.3698,116.295,0.843481,0.00655523,0.00655523,0.118062,0.00160356,0.00946418,0.401095,0.788136
BRe_grain_28_3,8.74635,0.165439,0.726286,1025.27,18.5389,115.649,0.84516,0.00648745,0.00648745,0.12056,0.00231205,0.01015,0.321841,0.899245
BRe_grain_28_4,8.54168,0.163066,0.708244,1009.07,17.0594,110.582,0.853357,0.00700894,0.00700894,0.123226,0.00236387,0.010267,0.429508,0.88396
BRe_grain_28_5,8.83518,0.155725,0.727437,1044.24,18.0317,117.201,0.852073,0.00655489,0.00655489,0.118523,0.00218466,0.0102051,0.409463,0.889764
BRe_grain_28_6,9.21329,0.141289,0.753916,1090.8,15.5547,121.757,0.85006,0.0061273,0.0061273,0.112489,0.0017353,0.00925952,0.456466,0.862878
BRe_grain_28_7,8.93982,0.187647,0.738116,1054.83,23.7126,118.779,0.844538,0.00650636,0.00650636,0.116045,0.00246109,0.00968079,0.056399,0.914707
BRe_grain_30_1,3.58595,0.206462,0.354585,413.385,23.9921,51.7286,0.835784,0.0178921,0.0178921,0.316516,0.015937,0.0273706,0.122189,0.912581
BRe_grain_30_2,3.61111,0.0946016,0.302017,419.523,10.5341,47.1921,0.845336,0.012054,0.012054,0.285939,0.00709859,0.0226624,0.24566,0.827264
BRe_grain_30_3,4.62521,0.112055,0.379364,528.131,12.8253,58.469,0.83612,0.0105891,0.0105891,0.230417,0.00569423,0.0192779,0.285876,0.871596
BRe_grain_30_4,6.56938,0.190508,0.549048,755.03,21.922,84.3597,0.84531,0.00936741,0.00936741,0.16793,0.00494159,0.0142418,0.167223,0.921914
BRe_grain_30_5,4.58072,0.142311,0.386953,507.943,14.8861,56.8773,0.821565,0.0103275,0.0103275,0.247975,0.00778093,0.0211569,0.209699,0.922726
BRe_grain_30_6,4.38466,0.0898338,0.359401,492.791,9.60064,54.7448,0.827536,0.0114547,0.0114547,0.260289,0.00545623,0.0218289,0.31573,0.837772
BRe_grain_31_1,8.57686,0.273489,0.732854,1000.16,30.9825,113.54,0.859418,0.011714,0.011714,0.138637,0.00412681,0.0110584,0.0842752,0.898029
BRe_grain_31_2,10.3111,0.208858,0.851468,1211.17,26.4216,136.201,0.861292,0.0127896,0.0127896,0.115254,0.00241591,0.0098491,0.218962,0.73531
BRe_grain_31_3,11.9508,0.557697,1.11313,1380.69,59.082,164.234,0.85682,0.0113915,0.0113915,0.108669,0.00515342,0.0102859,0.207948,0.927039
BRe_grain_31_4,8.63342,0.177958,0.722161,1006.62,18.1635,113.788,0.857869,0.00894314,0.00894314,0.141006,0.00293212,0.0118987,0.270614,0.829129
BRe_grain_33_1,9.45654,0.512969,0.926553,1118.83,58.8144,138.777,0.859098,0.0135576,0.0135576,0.135308,0.00656265,0.0118538,0.254878,0.973265
BRe_grain_33_2,9.2685,0.510089,0.915535,1075.31,53.3941,132.796,0.849496,0.0137292,0.0137292,0.136437,0.00573111,0.0102865,0.417346,0.981337
BRe_grain_33_3,10.2319,0.261884,0.881921,1210.14,27.4711,139.403,0.860065,0.00884782,0.00884782,0.115334,0.00271981,0.00915923,0.318097,0.94068
BRe_grain_33_4,6.92471,0.288334,0.645708,808.779,31.1549,98.0074,0.847275,0.0106416,0.0106416,0.169775,0.00600171,0.0134405,0.306346,0.977929
BRe_grain_33_5,6.04201,0.248587,0.565949,709.862,27.8035,86.9003,0.851632,0.0103175,0.0103175,0.187618,0.00729477,0.0166077,0.215778,0.979889
BRe_grain_33_6,8.39137,0.277483,0.750564,990.118,30.9796,117.386,0.857872,0.0110349,0.0110349,0.128311,0.00404398,0.0109386,0.255973,0.960831
BRe_grain_34_1,2.74913,0.0341836,0.2187,318.103,3.80372,33.9982,0.841626,0.00707853,0.00707853,0.373126,0.00473453,0.0302906,0.465029,0.737604
BRe_grain_34_2,1.48201,0.030624,0.125453,167.602,3.29883,19.2888,0.830493,0.00727264,0.00727264,0.777004,0.0175045,0.0717081,0.356174,0.901625
BRe_grain_34_3,1.4952,0.0229681,0.123919,170.334,2.7315,19.3283,0.8346,0.00697221,0.00697221,0.767876,0.0117908,0.0636143,0.182031,0.845182
BRe_grain_34_4,1.51048,0.0226246,0.124013,170.771,2.51464,19.1916,0.83153,0.00620983,0.00620983,0.762821,0.0115746,0.063444,0.274385,0.883483
BRe_grain_34_5,1.61251,0.0259985,0.132023,184.715,2.97892,20.6779,0.843436,0.00623151,0.00623151,0.709183,0.0117409,0.0596218,0.306573,0.886439
BRe_grain_34_6,1.59758,0.0292663,0.13068,181.931,3.30912,20.2825,0.840688,0.00640286,0.00640286,0.707887,0.0129473,0.0578124,0.239015,0.890539
BRe_grain_34_7,1.78262,0.0310814,0.145057,203.883,3.21039,22.5081,0.845971,0.00783937,0.00783937,0.620132,0.0107986,0.0503975,0.490966,0.827273
BRe_grain_36_1,6.68309,0.126505,0.543081,792.609,14.4167,87.5568,0.876965,0.00676842,0.00676842,0.161808,0.00307252,0.0131902,0.362451,0.901597
BRe_grain_36_10,10.2534,0.140414,0.834821,1232.76,15.7026,136.959,0.879982,0.005069,0.005069,0.0972108,0.0013822,0.00821779,0.307398,0.913472
BRe_grain_36_2,4.38636,0.0792419,0.356359,514.402,9.53637,57.1256,0.866294,0.00515254,0.00515254,0.241797,0.00431896,0.0194228,0.205441,0.926131
BRe_grain_36_3,5.38701,0.108344,0.436665,637.45,12.9579,70.3469,0.871861,0.00484043,0.00484043,0.193418,0.0039787,0.0160356,0.167219,0.940695
BRe_grain_36_4,5.3698,0.119861,0.438566,629.195,13.0649,69.1859,0.866182,0.00431143,0.00431143,0.192055,0.00410457,0.0150184,0.203848,0.958921
BRe_grain_36_5,4.17547,0.181289,0.379067,489.615,20.1971,57.4342,0.871973,0.00535004,0.00535004,0.257388,0.0106638,0.0222976,0.0749526,0.986867
BRe_grain_36_6,3.24903,0.112176,0.282512,377.11,11.9798,43.0755,0.860796,0.00593482,0.00593482,0.318845,0.0104208,0.0262444,0.120272,0.974426
BRe_grain_36_7,6.49616,0.125044,0.528417,768.25,13.7094,84.5361,0.874918,0.00612711,0.00612711,0.153781,0.00305828,0.0129239,0.331174,0.927105
BRe_grain_36_8,7.92172,0.148656,0.643476,938.746,14.5306,102.247,0.875976,0.00539095,0.00539095,0.125788,0.00233164,0.0100928,0.336922,0.93709
BRe_grain_36_9,6.99964,0.0948688,0.565017,832.131,10.8504,92.0218,0.871033,0.00537005,0.00537005,0.14218,0.00179294,0.0106783,0.230407,0.861738
BRe_grain_39_1,4.92794,0.179656,0.439891,590.292,19.7832,69.1569,0.855237,0.00731738,0.00731738,0.206266,0.00828998,0.0202981,0.373808,0.981064
BRe_grain_39_2,3.55698,0.0769286,0.299749,421.64,8.67484,48.1068,0.841642,0.00856252,0.00856252,0.280439,0.00624505,0.0243336,0.381825,0.878284
BRe_grain_39_3,6.12085,0.134669,0.514332,741.752,17.353,84.6534,0.85761,0.00709752,0.00709752,0.1636,0.00366163,0.0139846,0.188806,0.909459
BRe_grain_39_4,7.13418,0.197114,0.614219,867.048,22.5715,100.091,0.864177,0.00622368,0.00622368,0.140599,0.00407802,0.0127074,0.214694,0.960545
BRe_grain_43_1,5.47478,0.110828,0.457959,670.703,14.5992,76.5273,0.880444,0.0059723,0.0059723,0.183671,0.00393834,0.0162739,0.204618,0.935046
BRe_grain_43_2,5.32292,0.0616713,0.436067,650.236,7.66654,73.1396,0.881487,0.00580501,0.00580501,0.186692,0.00218783,0.0154698,0.579117,0.816432
BRe_grain_43_3,5.18383,0.0731122,0.425784,630.812,9.64641,71.1401,0.879159,0.00480159,0.00480159,0.192686,0.00278762,0.0162343,0.30719,0.902152
BRe_grain_43_4,5.23189,0.0776496,0.429178,637.679,9.79121,71.7429,0.882059,0.00497321,0.00497321,0.191294,0.00292035,0.0161411,0.297266,0.900094
BRe_grain_43_5,5.06958,0.0647543,0.412424,616.287,7.42325,68.7492,0.881646,0.00481007,0.00481007,0.197243,0.00262321,0.0167074,0.369252,0.870385
BRe_grain_45_1,3.66033,0.203165,0.361226,423.814,24.0964,53.3849,0.8383,0.0106594,0.0106594,0.305545,0.0196566,0.0349494,-0.0624437,0.972261
BRe_grain_45_2,4.59092,0.164788,0.410121,534.947,19.3218,63.2975,0.852425,0.0100785,0.0100785,0.229508,0.00809059,0.0201357,0.0589791,0.933888
BRe_grain_45_3,6.99924,0.231657,0.621869,828.421,26.3598,97.735,0.869103,0.00807243,0.00807243,0.153484,0.00510939,0.0137158,0.20308,0.959831
BRe_grain_47_1,6.44384,0.237218,0.578422,756.215,26.2323,89.2905,0.865998,0.0116463,0.0116463,0.167773,0.00613413,0.0149572,0.188114,0.939454
BRe_grain_47_2,7.12755,0.281237,0.648583,837.205,28.1735,98.9706,0.868938,0.0108928,0.0108928,0.157027,0.00619762,0.0142928,0.376684,0.950509
BRe_grain_47_3,6.05022,0.260818,0.558729,727.913,29.5516,87.1993,0.890177,0.0122171,0.0122171,0.187886,0.00745693,0.0159744,0.182414,0.958142
BRe_grain_47_4,7.51977,0.333954,0.69854,889.599,36.6875,106.561,0.878872,0.0123571,0.0123571,0.155395,0.0066196,0.0138464,0.239742,0.951341
BRe_grain_47_5,5.14332,0.202867,0.465893,612.187,23.7064,72.7244,0.874873,0.0129266,0.0129266,0.226666,0.00902555,0.0207276,0.137633,0.959897
BRe_grain_47_6,5.21207,0.194325,0.466548,628.726,23.5036,74.342,0.878865,0.0129355,0.0129355,0.225908,0.00873135,0.0209627,0.285479,0.938672
BRe_grain_51_1,13.4483,0.864482,1.39256,1633.65,109.114,212.964,0.864241,0.00669916,0.00669916,0.101796,0.00815312,0.0131336,-0.13483,0.990691
BRe_grain_51_2,12.0968,0.730791,1.22761,1457.35,90.5952,187.325,0.859756,0.00738161,0.00738161,0.104603,0.00598881,0.0100602,-0.095555,0.989252
BRe_grain_55_1,7.55268,0.307791,0.689428,882.476,36.3823,105.714,0.857146,0.0100228,0.0100228,0.147433,0.00712644,0.0159627,0.199627,0.953581
BRe_grain_55_2,9.71247,0.535047,0.964585,1146.79,65.1317,145.964,0.863074,0.00881809,0.00881809,0.115634,0.00553092,0.00997116,-0.105737,0.980781
BRe_grain_55_3,6.32007,0.451319,0.688825,732.333,50.9548,97.5189,0.857039,0.00776483,0.00776483,0.188212,0.0110718,0.0168983,-0.0234247,0.990099
BRe_grain_55_4,6.76161,0.198762,0.593086,792.958,22.9979,93.3232,0.862127,0.00828087,0.00828087,0.152232,0.0047564,0.0141926,0.162281,0.935533
BRe_grain_55_5,12.2552,0.384275,1.08343,1453.11,41.891,170.762,0.877851,0.00837884,0.00837884,0.0840329,0.00263092,0.00741766,0.346808,0.942646
BRe_grain_56_1,5.08106,0.154517,0.445865,587.314,15.8483,68.5843,0.854364,0.00655905,0.00655905,0.20251,0.00603429,0.0174122,0.269547,0.962743
BRe_grain_56_2,3.47711,0.128881,0.306334,402.674,15.4812,47.0525,0.84542,0.00551735,0.00551735,0.297107,0.00984802,0.0234075,-0.0633055,0.98086
BRe_grain_60_1,3.11486,0.0389994,0.261809,355.354,4.33548,40.6079,0.836961,0.0047527,0.0047527,0.321473,0.00415684,0.0279055,0.342989,0.872673
BRe_grain_60_2,2.68266,0.040957,0.224527,314.079,4.87764,35.7991,0.83326,0.00531367,0.00531367,0.378385,0.00608978,0.0333843,0.279586,0.892982
BRe_grain_60_3,2.93065,0.0469399,0.246201,347.05,5.47992,39.6879,0.841649,0.00461957,0.00461957,0.348825,0.0060556,0.0317618,0.267853,0.916155
BRe_grain_60_4,2.49911,0.0281851,0.208263,294.048,3.4683,33.4891,0.834776,0.00519549,0.00519549,0.408586,0.00474012,0.0350253,0.215242,0.895322
BRe_grain_60_5,2.8777,0.0298787,0.235455,341.111,3.17606,38.1412,0.838664,0.00493952,0.00493952,0.356279,0.00369786,0.0291404,0.385514,0.756854
BRe_grain_61_1,17.3764,0.464401,1.48235,2233.54,62.7725,257.4,0.914341,0.00586502,0.00586502,0.0617226,0.0017027,0.00543494,0.00362603,0.962199
BRe_grain_61_2,13.8513,0.339077,1.17255,1784.16,45.0888,204.435,0.918651,0.00589037,0.00589037,0.0759981,0.00175174,0.00605765,0.137871,0.955266
BRe_grain_62_1,5.03832,0.130995,0.433143,605.183,16.4372,70.1276,0.857424,0.00420023,0.00420023,0.210443,0.00582864,0.0192728,-0.0317584,0.976509
BRe_grain_62_2,2.83907,0.138002,0.267234,332.371,15.5735,40.1032,0.840902,0.00475429,0.00475429,0.396942,0.0200047,0.0387382,-0.21584,0.990964
BRe_grain_62_3,4.62627,0.093735,0.380518,553.672,11.051,61.9756,0.859921,0.00370571,0.00370571,0.221976,0.00467317,0.0189708,0.0446157,0.964836
BRe_grain_62_4,3.25851,0.0642216,0.273709,387.627,8.54788,44.372,0.853246,0.00416783,0.00416783,0.313571,0.00715111,0.0304777,-0.0532075,0.969139
BRe_grain_62_5,4.63841,0.0816199,0.382564,532.306,9.34057,60.0016,0.848617,0.00463755,0.00463755,0.218307,0.00388214,0.0181961,0.0502246,0.930997
BRe_grain_62_6,5.5625,0.102162,0.463013,648.239,13.2858,73.6654,0.857898,0.00500798,0.00500798,0.181685,0.00328298,0.0148789,0.152705,0.942352
BRe_grain_62_7,4.72823,0.221271,0.442301,550.361,26.8599,67.0478,0.857473,0.00443232,0.00443232,0.23457,0.0132427,0.026471,-0.330695,0.991512
BRe_grain_62_8,6.16862,0.10209,0.514859,716.079,11.3699,81.5423,0.861304,0.00415301,0.00415301,0.163343,0.00263191,0.0132732,0.119186,0.937993
BRe_grain_63_1,8.46337,0.0999086,0.707532,997.097,11.7609,114.179,0.874324,0.00395532,0.00395532,0.118007,0.00139966,0.00991212,0.289966,0.890728
BRe_grain_63_2,11.7863,0.0977311,0.948986,1402.68,11.3161,154.245,0.881652,0.00392555,0.00392555,0.0842339,0.000743932,0.00722371,0.277028,0.796145
BRe_grain_63_3,8.4452,0.130973,0.710973,999.985,15.6421,114.649,0.876149,0.00413514,0.00413514,0.118313,0.00187545,0.0101807,0.176807,0.906271
BRe_grain_63_4,13.8226,0.220857,1.16979,1649.34,25.539,190.284,0.883777,0.00403139,0.00403139,0.0721852,0.00117645,0.00623119,0.202527,0.931342
BRe_grain_63_5,9.53256,0.109919,0.775041,1132.52,12.8359,126.015,0.877986,0.00424296,0.00424296,0.104023,0.00117501,0.008285,0.321423,0.851303
BRe_grain_64_1,10.5377,0.258005,0.905245,1240.21,27.9046,143.335,0.867488,0.00487639,0.00487639,0.0958847,0.0022878,0.00802706,0.246528,0.958914
BRe_grain_64_2,9.44865,0.204002,0.803662,1107.69,22.5463,127.399,0.860907,0.00459773,0.00459773,0.106586,0.00225309,0.008876,0.0995398,0.955582
BRe_grain_64_3,10.1934,0.253912,0.872681,1205.26,28.4892,138.765,0.867308,0.00462206,0.00462206,0.0992982,0.00238834,0.00820859,0.0959505,0.966929
BRe_grain_64_4,10.2032,0.256739,0.871586,1205.96,28.3383,138.346,0.865629,0.00479389,0.00479389,0.0997669,0.00251403,0.00853473,0.234141,0.960889
BRe_grain_67_1,29.1552,1.85284,3.00488,3348.56,218.742,433.746,0.840011,0.0155221,0.0155221,0.0336945,0.00179401,0.00290947,0.338952,0.960682
BRe_grain_67_2,27.9489,0.626119,2.35328,3235.22,70.3817,368.622,0.845808,0.00776118,0.00776118,0.0358088,0.000879471,0.00330551,0.235761,0.934791
BRe_grain_69_1,10.5717,0.275201,0.901437,1285.01,33.5585,147.701,0.882243,0.0102226,0.0102226,0.0963791,0.00250315,0.00819921,0.161135,0.898544
BRe_grain_69_10,8.59581,0.19247,0.725332,1012.89,24.0988,116.1,0.866984,0.006267,0.006267,0.118889,0.00268501,0.0101186,0.0487866,0.937897
BRe_grain_69_11,6.70029,0.16817,0.570369,789.339,21.0224,90.9314,0.863437,0.00795584,0.00795584,0.152859,0.00392923,0.0133265,0.0566468,0.924172
BRe_grain_69_12,8.22856,0.172883,0.690845,967.068,20.3335,110.169,0.865327,0.00705633,0.00705633,0.123927,0.00266723,0.0106583,0.24068,0.913819
BRe_grain_69_13,8.47544,0.188961,0.713907,1008.51,20.496,114.625,0.875128,0.00788705,0.00788705,0.120159,0.00271296,0.0102498,0.383827,0.899032
BRe_grain_69_14,6.49467,0.141509,0.545783,769.714,16.2575,87.5054,0.868716,0.00735814,0.00735814,0.157302,0.00342978,0.0132282,0.190804,0.889891
BRe_grain_69_15,9.22745,0.17957,0.769446,1094.88,22.5868,124.222,0.867994,0.00602983,0.00602983,0.110223,0.00224055,0.00960063,0.147781,0.924872
BRe_grain_69_16,7.35321,0.195007,0.628902,898.574,22.5717,103.158,0.869422,0.00821388,0.00821388,0.137766,0.00359628,0.011598,0.278217,0.925848
BRe_grain_69_17,9.93116,0.249533,0.845686,1208.17,28.9917,138.539,0.868019,0.00650896,0.00650896,0.102102,0.00263088,0.00891625,0.227059,0.940018
BRe_grain_69_18,6.24346,0.156739,0.53179,757.666,18.6026,87.029,0.865589,0.00723484,0.00723484,0.162274,0.00409308,0.0138872,0.184593,0.927132
BRe_grain_69_2,10.8036,0.44995,0.984739,1308.38,59.883,157.918,0.87249,0.00832221,0.00832221,0.0963552,0.00383152,0.00838548,-0.0258364,0.97176
BRe_grain_69_3,10.112,0.331849,0.886369,1235.93,42.4278,144.92,0.878728,0.00956893,0.00956893,0.101437,0.00339736,0.00907435,0.0712856,0.811389
BRe_grain_69_4,9.08508,0.367694,0.823109,1084.16,43.3832,128.546,0.87538,0.0099676,0.0099676,0.116029,0.00450321,0.0100808,0.143007,0.95055
BRe_grain_69_5,8.35421,0.50939,0.84891,991.566,59.6244,126.141,0.868489,0.00786472,0.00786472,0.138806,0.00887111,0.0147839,0.0233295,0.985222
BRe_grain_69_6,10.464,0.361776,0.925099,1243.32,41.3394,145.565,0.871368,0.00688542,0.00688542,0.0992902,0.00352378,0.00901067,0.15645,0.964124
BRe_grain_69_7,9.94772,0.161533,0.825459,1180.03,20.6708,134.017,0.870347,0.00756517,0.00756517,0.101916,0.00166223,0.00849423,0.15814,0.861593
BRe_grain_69_8,8.93356,0.258348,0.771559,1056.28,30.3724,122.367,0.868748,0.00738771,0.00738771,0.116088,0.00338962,0.0101231,0.15995,0.946861
BRe_grain_69_9,9.27695,0.209526,0.783909,1099.94,25.0772,126.02,0.871785,0.00657324,0.00657324,0.109769,0.0023773,0.00889432,0.137032,0.928037
BRe_grain_70_1,1.45475,0.0304461,0.122281,160.048,3.37753,18.2783,0.784866,0.00941061,0.00941061,0.689295,0.0144093,0.0578726,0.255471,0.818323
BRe_grain_70_10,2.00034,0.0711623,0.177607,225.713,8.93847,26.8165,0.810882,0.00865605,0.00865605,0.518911,0.017764,0.0443355,-0.225987,0.960653
BRe_grain_70_2,1.33219,0.0257341,0.111485,144.696,2.74553,16.485,0.777144,0.00881596,0.00881596,0.753412,0.0147282,0.0638052,0.337876,0.816489
BRe_grain_70_3,1.07561,0.0260272,0.0913288,114.565,2.59138,13.1257,0.761854,0.0102552,0.0102552,0.93432,0.0245813,0.0862553,0.392296,0.866061
BRe_grain_70_4,1.26164,0.0186165,0.104137,136.934,1.92328,15.4591,0.779141,0.0107705,0.0107705,0.789923,0.0120379,0.0673374,0.454517,0.69118
BRe_grain_70_5,1.21437,0.029009,0.102921,129.849,2.78446,14.8374,0.77125,0.00941479,0.00941479,0.829711,0.020282,0.0719588,0.439204,0.864783
BRe_grain_70_6,1.03127,0.0231567,0.0869586,108.624,2.38326,12.4167,0.758388,0.0104147,0.0104147,0.975706,0.0224766,0.0844048,0.274188,0.821383
BRe_grain_70_7,1.4678,0.0223039,0.121207,158.776,2.16945,17.9035,0.782868,0.00910236,0.00910236,0.682247,0.0103504,0.0562476,0.503301,0.696648
BRe_grain_70_8,1.14269,0.0259745,0.0962715,120.942,2.76947,13.8195,0.767049,0.00968419,0.00968419,0.882401,0.0211515,0.0783954,0.255066,0.855125
BRe_grain_70_9,1.2989,0.0296814,0.109345,138.765,3.04353,15.8118,0.773683,0.00948435,0.00948435,0.778429,0.0185554,0.0683572,0.28648,0.864929
BRe_grain_71_1,6.52827,0.166766,0.554833,776.627,17.0063,88.4466,0.863743,0.00729574,0.00729574,0.155767,0.0035886,0.0119394,0.369852,0.977059
BRe_grain_71_2,6.8922,0.227184,0.601276,819.662,23.9972,94.3319,0.86485,0.00643721,0.00643721,0.148316,0.00444506,0.0117645,0.342107,0.98644
BRe_grain_71_3,6.35484,0.187107,0.548981,753.562,18.9984,86.4202,0.862192,0.00746912,0.00746912,0.161633,0.00408819,0.011995,0.227915,0.971034
BRe_grain_71_4,5.981,0.157812,0.510967,718.462,16.805,82.1567,0.869924,0.00754382,0.00754382,0.170763,0.00378938,0.0122694,0.188652,0.977693
BRe_grain_71_5,7.46407,0.172033,0.6305,898.491,20.5713,102.698,0.862948,0.00672731,0.00672731,0.134733,0.00316926,0.0116153,0.264092,0.966125
BRe_grain_71_6,9.19942,0.358601,0.830119,1095.11,37.3479,128.36,0.860524,0.00713881,0.00713881,0.112484,0.00349837,0.00809831,0.374361,0.991199
BRe_grain_72_1,9.26048,0.258425,0.797668,1119.68,30.0246,129.214,0.87261,0.00735489,0.00735489,0.111485,0.00319853,0.00987277,0.242246,0.944921
BRe_grain_72_2,9.89163,0.223827,0.837298,1209.07,27.1759,138.532,0.874787,0.00570521,0.00570521,0.10219,0.00234791,0.00878313,0.20798,0.95267
BRe_grain_72_3,15.5269,0.31784,1.33037,1888.42,35.5454,214.115,0.877464,0.00599821,0.00599821,0.0654427,0.0013011,0.00544595,0.293111,0.914314
BRe_grain_72_4,8.9989,0.362417,0.817023,1099.8,45.8306,131.526,0.872973,0.0111901,0.0111901,0.117046,0.00478087,0.0107779,0.0907282,0.940933
BRe_grain_73_1,10.7238,0.311091,0.925549,1324.78,37.3349,153,0.884793,0.0086502,0.0086502,0.0948965,0.00303151,0.00901925,0.228054,0.964498
BRe_grain_73_2,12.6262,0.930901,1.38526,1544.66,108.267,204.034,0.870209,0.0147846,0.0147846,0.0917469,0.00628412,0.00935131,0.458943,0.942006
BRe_grain_73_3,9.73541,0.358308,0.86864,1201.28,46.4561,142.373,0.874523,0.0079129,0.0079129,0.105539,0.00406849,0.00986317,0.148561,0.979459
BRe_grain_73_4,8.99796,0.448356,0.857236,1096.48,51.9427,133.261,0.875986,0.0128619,0.0128619,0.117738,0.00522758,0.0099949,0.239119,0.964429
BRe_grain_73_5,10.3075,0.615922,1.03882,1272.21,77.0184,161.834,0.878524,0.0134237,0.0134237,0.109335,0.00646493,0.0109038,0.161401,0.971184
BRe_grain_73_6,9.05002,0.514173,0.89648,1099.37,60.8758,137.207,0.86945,0.00896206,0.00896206,0.123599,0.0083794,0.0146098,0.0739242,0.983043
BRe_grain_74_1,9.39595,0.197212,0.786938,1129.77,24.1657,128.649,0.875721,0.00704692,0.00704692,0.107361,0.00223753,0.00892845,0.0817365,0.891228
BRe_grain_74_2,9.1672,0.166397,0.76163,1107.16,18.7184,125.395,0.872346,0.00618326,0.00618326,0.109448,0.00205823,0.0094209,0.370954,0.876666
BRe_grain_74_3,10.3778,0.179543,0.861573,1231.51,23.6375,139.767,0.877567,0.00662888,0.00662888,0.0962172,0.00178782,0.00857921,0.288663,0.860583
BRe_grain_74_4,7.47314,0.144696,0.623429,874.21,13.2313,98.7358,0.868149,0.00591303,0.00591303,0.13425,0.00256812,0.0110649,0.322599,0.871144
BRe_grain_74_5,9.97273,0.165415,0.825732,1188.12,22.0386,134.498,0.877601,0.00517217,0.00517217,0.100332,0.00159115,0.0079428,0.0863804,0.913269
BRe_grain_74_6,8.4263,0.119278,0.693674,998.113,15.9729,112.635,0.877161,0.00392523,0.00392523,0.119148,0.00169229,0.00984172,0.241681,0.942493
BRe_grain_74_7,8.63726,0.216193,0.732279,1015.11,26.4287,116.325,0.872181,0.00417214,0.00417214,0.118533,0.00335031,0.011348,0.057293,0.976221
BRe_grain_75_1,6.0485,0.120625,0.506438,711.288,14.8479,81.1335,0.871453,0.00633438,0.00633438,0.165649,0.00356201,0.014955,0.150625,0.936308
BRe_grain_75_2,6.9535,0.14677,0.583578,814.127,16.7938,92.7042,0.869511,0.00516176,0.00516176,0.143431,0.00311871,0.0124004,0.0824552,0.956885
BRe_grain_75_3,5.20472,0.114299,0.437244,601.272,12.7786,68.3209,0.859994,0.00609425,0.00609425,0.194114,0.00411439,0.0157393,0.063201,0.93311
BRe_grain_75_4,5.15733,0.113819,0.434517,602.526,12.7264,68.6992,0.86682,0.00648117,0.00648117,0.1956,0.00432417,0.016508,0.232302,0.967119
BRe_grain_75_5,5.46256,0.0886692,0.451664,634.537,9.08488,71.4836,0.8652,0.00567918,0.00567918,0.184563,0.0029687,0.015122,0.244462,0.917004
BRe_grain_75_6,4.70101,0.146011,0.408155,545.496,15.8445,62.9814,0.863514,0.00642139,0.00642139,0.220242,0.00734408,0.0205294,0.130532,0.960442
BRe_grain_75_7,6.20347,0.128462,0.518026,731.827,15.4274,83.129,0.872691,0.0062273,0.0062273,0.162875,0.00342874,0.0138265,0.137622,0.93045
BRe_grain_75_8,6.88733,0.315298,0.640926,813.839,37.9435,98.5563,0.870425,0.00585146,0.00585146,0.15646,0.00710936,0.0144516,-0.0949059,0.986893
BRe_grain_75_9,7.50457,0.159558,0.630761,890.109,18.1387,101.242,0.876781,0.00509572,0.00509572,0.135153,0.00292774,0.0115739,0.0342946,0.946507
BRe_grain_76_1,6.44146,0.155616,0.546418,753.949,15.9713,85.7582,0.864241,0.00659051,0.00659051,0.158496,0.00368244,0.0129302,0.361455,0.929929
BRe_grain_76_2,5.61634,0.137436,0.476422,663.697,15.7148,75.709,0.867507,0.00599935,0.00599935,0.182091,0.00458096,0.0158799,0.19165,0.953135
BRe_grain_76_3,6.13267,0.141329,0.519341,741.509,15.8555,84.7185,0.862043,0.00579541,0.00579541,0.164613,0.00364094,0.0133794,0.236458,0.94233
BRe_grain_77_1,10.1354,0.179114,0.845129,1237.63,22.2031,140.715,0.871182,0.00646606,0.00646606,0.0988547,0.00178657,0.00842972,0.260161,0.909817
BRe_grain_77_2,8.72304,0.198916,0.73809,1066.22,25.7734,122.448,0.870402,0.00548056,0.00548056,0.115965,0.00262335,0.00973408,0.0635032,0.953848
BRe_grain_77_3,7.80154,0.129795,0.649541,950.713,16.0165,108.082,0.869216,0.00557183,0.00557183,0.128182,0.00210518,0.0105351,0.326417,0.913138
BRe_grain_77_4,8.08941,0.109469,0.668455,990.4,14.2772,112.14,0.872871,0.00482803,0.00482803,0.123515,0.00173018,0.010565,0.280047,0.909029
BRe_grain_77_5,8.8623,0.131785,0.733356,1074.54,17.2883,121.761,0.866115,0.00471623,0.00471623,0.112536,0.00170458,0.00948563,0.226145,0.921363
BRe_grain_77_6,5.7942,0.176114,0.503497,696.912,20.4828,80.915,0.861417,0.00512714,0.00512714,0.177208,0.00516316,0.0147611,0.0496379,0.977719
BRe_grain_78_1,1.48773,0.019962,0.123007,165.426,2.27913,18.7744,0.794536,0.00517558,0.00517558,0.672168,0.00888031,0.0547208,0.201637,0.879495
BRe_grain_78_2,1.48284,0.0229764,0.122896,164.256,2.42224,18.6232,0.796024,0.00590465,0.00590465,0.676391,0.0105605,0.0564857,0.285475,0.865794
BRe_grain_78_3,1.47748,0.0216816,0.122086,163.594,2.5851,18.5429,0.792675,0.0049506,0.0049506,0.673875,0.00995825,0.0560733,0.225303,0.87903
BRe_grain_79_1,6.76925,0.15664,0.571437,812.064,18.4254,92.8357,0.864673,0.00607525,0.00607525,0.149719,0.00357584,0.013045,0.299593,0.942462
BRe_grain_79_10,6.50521,0.125017,0.54472,774.561,15.8502,88.2877,0.860036,0.00678091,0.00678091,0.156622,0.00310938,0.0135481,0.116995,0.903019
BRe_grain_79_11,6.58242,0.157706,0.559638,783.156,17.3212,89.6347,0.859882,0.00600286,0.00600286,0.155817,0.00358425,0.0127191,0.25621,0.942724
BRe_grain_79_12,7.14274,0.146696,0.600951,864.291,16.5986,98.5164,0.871872,0.00624013,0.00624013,0.142969,0.00302096,0.0123756,0.347257,0.920201
BRe_grain_79_13,7.25481,0.134158,0.607238,873.976,15.1629,99.3903,0.86419,0.00535996,0.00535996,0.139924,0.00254429,0.0115162,0.225537,0.917784
BRe_grain_79_14,7.01488,0.185608,0.602038,843.564,21.2181,97.1872,0.865125,0.0064113,0.0064113,0.14712,0.00395075,0.0128147,0.194151,0.944353
BRe_grain_79_2,6.49212,0.13394,0.543171,773.644,16.0625,88.0597,0.862371,0.00518397,0.00518397,0.1559,0.00330561,0.0134053,0.137504,0.943545
BRe_grain_79_3,7.54781,0.136943,0.626461,903.775,16.2311,102.314,0.86785,0.00630245,0.00630245,0.132746,0.00249251,0.0114022,0.348677,0.906576
BRe_grain_79_4,5.91348,0.101362,0.488615,701.837,12.0279,79.2201,0.861544,0.00618717,0.00618717,0.170007,0.0030099,0.0145093,0.268047,0.893011
BRe_grain_79_5,6.13951,0.130742,0.512183,732.229,15.5432,82.9925,0.86482,0.00613787,0.00613787,0.164958,0.00380042,0.0148882,0.216204,0.932662
BRe_grain_79_6,6.84101,0.148963,0.571228,815.878,18.3491,92.6201,0.86558,0.00579705,0.00579705,0.147892,0.00323494,0.012405,0.159895,0.941317
BRe_grain_79_7,6.40323,0.149317,0.54059,760.736,17.6452,86.8123,0.862454,0.00552826,0.00552826,0.160057,0.00392055,0.014194,0.195399,0.949105
BRe_grain_79_8,7.65122,0.18955,0.650057,916.221,22.1797,104.882,0.869534,0.00604019,0.00604019,0.134363,0.00344955,0.0118302,0.194167,0.947576
BRe_grain_79_9,6.84057,0.146888,0.575891,816.318,16.5855,92.9633,0.864947,0.00674757,0.00674757,0.149373,0.00322904,0.0126598,0.256455,0.915954
BRe_grain_83_1,2.9441,0.191102,0.306381,344.664,22.014,44.4559,0.843694,0.0239879,0.0239879,0.376704,0.0221175,0.0354595,0.250027,0.950504
BRe_grain_83_2,2.99331,0.148946,0.285462,356.128,16.0873,43.0357,0.859094,0.0196062,0.0196062,0.35846,0.0176127,0.0337555,0.291794,0.920018
BRe_grain_83_3,2.85756,0.249272,0.340751,324.529,27.373,45.5146,0.817762,0.01873,0.01873,0.406706,0.0241825,0.0330572,0.179062,0.985566
BRe_grain_83_4,2.96253,0.172782,0.296413,347.213,19.977,43.7332,0.839716,0.0207798,0.0207798,0.36837,0.0181831,0.0311937,0.213423,0.952287
BRe_grain_83_5,2.6725,0.240516,0.324053,302.962,26.1892,42.8681,0.817807,0.018658,0.018658,0.440393,0.0273519,0.0368519,0.172307,0.98895
BRe_grain_83_6,3.46056,0.386934,0.47824,386.964,42.5388,60.7196,0.799463,0.01927,0.01927,0.367259,0.0267765,0.033095,0.219836,0.988426
BRe_grain_84_1,8.72892,0.320832,0.777654,1073.39,38.1836,125.94,0.885539,0.00767727,0.00767727,0.120528,0.00495665,0.0120143,0.147803,0.966695
BRe_grain_84_10,8.26226,0.393906,0.777739,986.233,49.6852,120.996,0.877974,0.00893603,0.00893603,0.131379,0.00683294,0.0134912,-0.0467035,0.976643
BRe_grain_84_2,9.37892,0.290613,0.814722,1161.19,37.4588,135.198,0.887363,0.00823824,0.00823824,0.109932,0.00350163,0.00981668,0.145374,0.94838
BRe_grain_84_3,6.94615,0.330622,0.653424,824.815,37.2577,99.5343,0.880382,0.00818161,0.00818161,0.155044,0.00724487,0.0143184,0.0329257,0.974987
BRe_grain_84_4,9.03466,0.235234,0.770072,1088.41,28.014,124.927,0.885362,0.00817206,0.00817206,0.111305,0.00286147,0.00936743,0.157192,0.93659
BRe_grain_84_5,9.2035,0.304235,0.806555,1106.63,39.3843,129.892,0.880457,0.00775377,0.00775377,0.11089,0.00377402,0.0100053,0.124714,0.965046
BRe_grain_84_6,10.9504,0.296085,0.936867,1304.22,32.0173,149.388,0.884147,0.00788113,0.00788113,0.0929089,0.0025044,0.00792438,0.218674,0.930827
BRe_grain_84_7,11.098,0.351761,0.967308,1318.67,41.5931,153.333,0.88274,0.00794575,0.00794575,0.0923472,0.00295473,0.00812521,0.0561842,0.943607
BRe_grain_84_8,9.72727,0.360544,0.86829,1161.36,42.5168,136.767,0.87943,0.00857559,0.00857559,0.106837,0.00392485,0.00945213,0.024421,0.958515
BRe_grain_84_9,8.06651,0.266568,0.706798,969.343,34.9838,113.925,0.884323,0.00833151,0.00833151,0.127531,0.00459705,0.0121889,-0.0608453,0.960654
BRe_grain_85_1,7.39297,0.187348,0.62904,875.033,21.0249,100.139,0.874736,0.00433777,0.00433777,0.137502,0.00336056,0.0112834,0.151049,0.96912
BRe_grain_85_2,8.01028,0.271535,0.704824,950.781,31.3273,110.858,0.875957,0.00523504,0.00523504,0.129395,0.00420728,0.0109208,0.0504568,0.980472
BRe_grain_85_3,6.84716,0.142422,0.573816,809.193,15.8356,91.8342,0.869392,0.00440866,0.00440866,0.147231,0.00298394,0.0120222,-0.0519172,0.960617
BRe_grain_85_4,6.96465,0.121164,0.578191,825.131,13.5834,93.4128,0.871975,0.0040713,0.0040713,0.144537,0.0025621,0.0122262,-0.0621452,0.9496
BRe_grain_85_5,6.9106,0.100677,0.569635,817.228,9.84035,91.7984,0.869988,0.00501799,0.00501799,0.145193,0.00209398,0.0118479,0.271119,0.880507
BRe_grain_85_6,9.0737,0.17897,0.758513,1081.06,23.1655,123.341,0.872687,0.00551408,0.00551408,0.111438,0.00228075,0.00966631,0.206542,0.951994
BRe_grain_85_7,6.52027,0.161667,0.55418,772.36,18.4828,88.6474,0.869717,0.00501473,0.00501473,0.156177,0.00366545,0.0125648,0.138783,0.964559
BRe_grain_85_8,7.23463,0.143935,0.606251,860.433,17.6953,98.3229,0.868163,0.00454142,0.00454142,0.139754,0.00279767,0.0117837,0.186456,0.948818
BRe_grain_85_9,7.6657,0.177036,0.647876,910.266,22.9046,104.496,0.853546,0.0101258,0.0101258,0.131072,0.00313613,0.0114769,0.304233,0.827083
BRe_grain_89_1,4.87916,0.247956,0.467799,593.297,31.9322,73.7274,0.869043,0.0177456,0.0177456,0.215146,0.0107095,0.0202047,-0.0136163,0.955783
BRe_grain_89_2,5.40205,0.325817,0.546755,651.219,39.6746,83.0335,0.857288,0.0187096,0.0187096,0.197712,0.0102264,0.0171609,0.294283,0.975497
BRe_grain_89_3,3.55761,0.216001,0.361023,430.332,24.9869,54.3022,0.864823,0.0186425,0.0186425,0.292915,0.0148661,0.0248471,0.0665929,0.970053
BRe_grain_89_4,3.6274,0.243632,0.382617,439.196,30.3266,57.8167,0.864869,0.0200155,0.0200155,0.30137,0.0179735,0.0282268,0.251754,0.977574
BRe_grain_89_5,4.99123,0.261734,0.482809,595.338,27.0479,71.972,0.869015,0.0148325,0.0148325,0.211098,0.0106644,0.0196722,0.296009,0.973674
BRe_grain_89_6,3.83178,0.224819,0.383953,457.464,23.3179,56.2901,0.877158,0.0195155,0.0195155,0.279029,0.0150806,0.0257551,0.477796,0.947707
BRe_grain_89_7,4.01412,0.240515,0.405343,483.221,27.3928,60.6642,0.867943,0.0190675,0.0190675,0.262219,0.0123108,0.0207475,0.167114,0.973384
BRe_grain_90_1,9.70435,0.24526,0.825915,1179.36,26.0075,134.592,0.873302,0.00825679,0.00825679,0.10263,0.00265034,0.00892504,0.317587,0.887608
BRe_grain_90_10,11.9289,0.430522,1.07174,1429.64,56.5341,171.92,0.878471,0.010152,0.010152,0.0870081,0.00319148,0.00794484,0.339701,0.949563
BRe_grain_90_2,9.76353,0.221377,0.823347,1169.49,20.7822,132.451,0.865999,0.00760207,0.00760207,0.102141,0.00205775,0.00765321,0.440286,0.291328
BRe_grain_90_3,9.71762,0.174203,0.807398,1188.74,21.5676,134.55,0.874964,0.00557373,0.00557373,0.102028,0.00173242,0.00802945,0.264635,0.895787
BRe_grain_90_4,10.071,0.164383,0.833809,1224.1,20.9596,138.506,0.870554,0.00559574,0.00559574,0.098597,0.00167518,0.00849712,0.348872,0.883074
BRe_grain_90_5,9.90549,0.208971,0.830286,1188.2,23.4995,134.976,0.868891,0.00897878,0.00897878,0.100586,0.00215219,0.0085511,0.408435,0.809702
BRe_grain_90_6,10.2299,0.221546,0.85976,1227.95,28.618,140.403,0.869961,0.00705924,0.00705924,0.0975503,0.00209132,0.00811583,0.322176,0.917224
BRe_grain_90_7,9.4119,0.215628,0.79521,1127.92,29.9914,129.91,0.875722,0.00978277,0.00978277,0.106098,0.00235988,0.00870296,0.209599,0.874445
BRe_grain_90_8,12.5704,0.386631,1.10491,1494.8,50.5207,176.968,0.865993,0.00692903,0.00692903,0.0811859,0.00249688,0.00713553,0.311634,0.969545
BRe_grain_90_9,13.824,0.362319,1.17354,1617.77,41.4387,185.838,0.868471,0.00977111,0.00977111,0.0735235,0.00194842,0.00631086,0.166598,0.865242
BRe_grain_91_1,7.05517,0.259793,0.615642,835.593,26.1521,94.4085,0.863225,0.00818285,0.00818285,0.150881,0.00501159,0.0118762,0.259213,0.971749
BRe_grain_91_2,7.68779,0.211105,0.639767,925.4,24.962,103.055,0.865701,0.00723836,0.00723836,0.140221,0.00389021,0.0117895,0.173153,0.945785
BRe_grain_91_3,9.86684,0.245685,0.820855,1187.53,28.7545,133.237,0.867363,0.007224,0.007224,0.110662,0.00275026,0.00918886,0.153017,0.935063
BRe_grain_91_4,10.6684,0.237827,0.884953,1294.23,29.7599,145.946,0.870364,0.00614404,0.00614404,0.104246,0.0024033,0.00894266,0.253126,0.933372
BRe_grain_91_5,8.73912,0.26591,0.747928,1053.37,32.324,120.427,0.85556,0.00823019,0.00823019,0.129585,0.00431364,0.012133,0.169632,0.944604
BRe_grain_92_1,4.54819,0.0605578,0.369858,535.335,6.65701,59.3314,0.838524,0.00513636,0.00513636,0.246194,0.00326909,0.019966,0.238387,0.906938
BRe_grain_92_2,4.93352,0.0804178,0.409867,581.564,9.23311,65.8748,0.838338,0.00563492,0.00563492,0.226465,0.00388584,0.0198051,0.187018,0.925007
BRe_grain_92_3,5.70812,0.115908,0.486399,680.752,11.6061,78.7596,0.849928,0.00661681,0.00661681,0.195578,0.00370136,0.0155325,0.15199,0.928825
BRe_grain_92_4,7.41765,0.137368,0.625988,891.503,17.2931,99.7783,0.85524,0.00607658,0.00607658,0.148597,0.00269155,0.0122654,0.127256,0.909526
BRe_grain_92_5,7.11003,0.114816,0.625354,863.495,12.9238,103.8,0.858483,0.00615461,0.00615461,0.149772,0.00243149,0.0132434,0.156158,0.90355
BRe_grain_92_6,6.08134,0.164192,0.550084,726.429,19.5523,88.7814,0.852143,0.00501823,0.00501823,0.173624,0.00482581,0.0161677,0.107447,0.969611
BRe_grain_92_7,6.32511,0.199827,0.580609,758.322,22.2155,93.2966,0.861561,0.0079913,0.0079913,0.164049,0.00507059,0.0147329,0.275164,0.95615
BRe_grain_93_1,3.61628,0.0973097,0.310966,429.171,11.1763,49.6418,0.871693,0.00714802,0.00714802,0.318961,0.00839095,0.0268144,0.146705,0.95677
BRe_grain_93_2,4.07839,0.129599,0.355133,481.443,15.0302,55.897,0.866883,0.00719496,0.00719496,0.287998,0.00900035,0.0246631,0.212936,0.957105
BRe_grain_93_3,5.88795,0.239491,0.533145,705.022,27.7623,83.3645,0.877295,0.00474684,0.00474684,0.201749,0.00811259,0.0180599,0.081412,0.987298
BRe_grain_93_4,9.14836,0.234026,0.769717,1091.51,28.0523,123.92,0.875734,0.00472428,0.00472428,0.12293,0.00327229,0.0107627,0.128652,0.962912
BRe_grain_93_5,6.97247,0.158406,0.591698,829.305,20.1106,95.5899,0.879839,0.00592078,0.00592078,0.15826,0.00359345,0.0134227,0.118465,0.935946
BRe_grain_93_6,10.1868,0.218625,0.855183,1207.3,26.1699,137.753,0.88045,0.00509795,0.00509795,0.105103,0.00225571,0.00882352,0.0844581,0.948601
BRe_grain_99_1,7.29872,0.155018,0.611252,918.226,22.4913,105.117,0.899686,0.00682123,0.00682123,0.140309,0.00299498,0.0118095,0.0720155,0.933188
BRe_grain_99_2,14.5762,1.20497,1.69282,1751.45,139.666,241.422,0.867846,0.00806225,0.00806225,0.0802095,0.00468867,0.00658695,0.0855487,0.98955
BRe_grain_99_4,8.06491,0.388681,0.759379,982.198,47.1435,119.336,0.877533,0.0105488,0.0105488,0.133141,0.00626401,0.0122382,0.0584553,0.974258
BRe_grain_99_5,7.85468,0.353981,0.727449,947.841,39.8047,113.023,0.87001,0.0113514,0.0113514,0.131824,0.00548398,0.0112699,0.354488,0.980818
HFO_1,0.12217,0.00136324,0.0100796,15.4258,0.175971,1.75445,0.919111,0.00612481,0.00612481,8.18609,0.0920676,0.680734,0.345273,0.767907
HFO_10,0.122167,0.00115386,0.01,15.4256,0.150962,1.74501,0.917803,0.00583859,0.00583859,8.18576,0.0785677,0.680917,0.478967,0.741079
HFO_11,0.122154,0.00114533,0.00998471,15.4226,0.171846,1.73553,0.914149,0.00557554,0.00557554,8.18627,0.0764551,0.666515,0.346146,0.792192
HFO_12,0.12217,0.000961341,0.0100099,15.4254,0.144108,1.74128,0.915235,0.00514394,0.00514394,8.18559,0.0634828,0.661008,0.340778,0.687694
HFO_13,0.122154,0.00108325,0.0101142,15.4231,0.150529,1.75068,0.917352,0.00514606,0.00514606,8.187,0.0730958,0.682489,0.311821,0.739502
HFO_14,0.122159,0.00137096,0.0102,15.4238,0.166105,1.76634,0.917472,0.00579766,0.00579766,8.18722,0.093459,0.695339,0.407241,0.806707
HFO_15,0.122185,0.00143368,0.0102144,15.4271,0.172722,1.76841,0.917871,0.00506058,0.00506058,8.18638,0.0964379,0.687084,0.410594,0.847191
HFO_16,0.122165,0.000892235,0.0100055,15.4254,0.110999,1.75157,0.917345,0.00539677,0.00539677,8.18587,0.0585326,0.656384,0.454659,0.61975
HFO_17,0.122156,0.00116625,0.0100289,15.4234,0.143939,1.75336,0.91431,0.00615341,0.00615341,8.18651,0.0786793,0.676579,0.408705,0.66716
HFO_18,0.12218,0.00120717,0.0100563,15.4269,0.157083,1.75059,0.91854,0.00645937,0.00645937,8.18532,0.0804743,0.67039,0.337979,0.708642
HFO_19,0.122153,0.00118291,0.0100679,15.423,0.151214,1.75238,0.915134,0.00594485,0.00594485,8.18665,0.0791144,0.673355,0.329002,0.7108
HFO_2,0.122154,0.00144769,0.0100703,15.4234,0.175235,1.75098,0.91712,0.00671208,0.00671208,8.18662,0.0964768,0.671101,0.355632,0.762905
HFO_20,0.122188,0.00105293,0.0101533,15.4273,0.142442,1.76083,0.914961,0.00481112,0.00481112,8.19451,0.0707637,0.68237,0.371672,0.727189
HFO_21,0.12208,0.00137256,0.00936323,15.4151,0.184334,1.65774,0.918578,0.00569904,0.00569904,8.18477,0.0949714,0.647869,0.341979,0.825338
HFO_22,0.122186,0.00110369,0.0100412,15.4275,0.150962,1.73327,0.920624,0.00579758,0.00579758,8.18492,0.0758824,0.69037,0.449822,0.761602
HFO_23,0.122149,0.000981236,0.00997224,15.4217,0.150915,1.73228,0.915258,0.00583729,0.00583729,8.18652,0.066269,0.673488,0.343475,0.656218
HFO_24,0.122265,0.00119663,0.0108786,15.4413,0.174594,1.9087,0.917935,0.00607553,0.00607553,8.18694,0.0805275,0.732079,0.265106,0.74732
HFO_25,0.121954,0.00158795,0.00879622,15.3975,0.191122,1.4941,0.91296,0.00605385,0.00605385,8.18299,0.108511,0.601083,0.285366,0.827296
HFO_26,0.122168,0.00128562,0.00985961,15.4262,0.191877,1.719,0.917614,0.0059661,0.0059661,8.185,0.0885437,0.679057,0.252807,0.808361
HFO_27,0.122116,0.00146967,0.00993344,15.4179,0.200923,1.7258,0.917934,0.00567741,0.00567741,8.18752,0.0952587,0.643851,0.195279,0.843978
HFO_28,0.122114,0.00196662,0.0100893,15.4184,0.232094,1.72439,0.918639,0.00545471,0.00545471,8.18774,0.128338,0.658408,0.306713,0.897722
HFO_29,0.122188,0.00188567,0.0101636,15.4256,0.232158,1.73958,0.912369,0.00497025,0.00497025,8.18569,0.127697,0.688277,0.206792,0.91988
HFO_3,0.12218,0.00132495,0.0101757,15.4269,0.162079,1.76789,0.917445,0.00543355,0.00543355,8.18611,0.0889912,0.68346,0.264877,0.806896
HFO_30,0.122247,0.0019581,0.0115574,15.4339,0.255378,1.96583,0.918457,0.00717438,0.00717438,8.19946,0.134061,0.791275,0.198754,0.853368
HFO_31,0.122238,0.00113072,0.0101032,15.4504,0.130229,1.64699,0.919275,0.00581524,0.00581524,8.17407,0.0752695,0.672551,0.526871,0.704333
HFO_32,0.12214,0.00111245,0.00946749,15.4215,0.169512,1.67607,0.913723,0.00599725,0.00599725,8.18499,0.0746211,0.635061,0.275959,0.791994
HFO_33,0.122118,0.00134491,0.00936148,15.42,0.179716,1.64909,0.917198,0.00576014,0.00576014,8.18335,0.0912703,0.635302,0.287748,0.797831
HFO_34,0.122143,0.00130326,0.00978073,15.4212,0.16997,1.69238,0.91563,0.00477393,0.00477393,8.18544,0.0869504,0.652548,0.217499,0.852986
HFO_35,0.122152,0.00123631,0.00975483,15.423,0.168961,1.6883,0.918544,0.00541323,0.00541323,8.18505,0.0829167,0.654234,0.225836,0.779213
HFO_36,0.122199,0.00159515,0.010107,15.4289,0.208603,1.74696,0.916905,0.00490508,0.00490508,8.18483,0.105214,0.666642,0.199587,0.881373
HFO_37,0.122156,0.0013307,0.0101377,15.4236,0.171127,1.75607,0.917082,0.00488673,0.00488673,8.1866,0.0899103,0.684967,0.261714,0.836994
HFO_38,0.122385,0.0019284,0.0111876,15.4518,0.246031,1.91612,0.916393,0.00538075,0.00538075,8.19056,0.128899,0.747805,0.228783,0.904032
HFO_39,0.122082,0.000998413,0.00908675,15.415,0.131528,1.62907,0.916862,0.00638971,0.00638971,8.17814,0.0667018,0.607066,0.427452,0.583162
HFO_4,0.122168,0.00142203,0.0101816,15.4247,0.186049,1.76118,0.915469,0.00614404,0.00614404,8.18659,0.0937059,0.670927,0.249631,0.806343
HFO_40,0.122186,0.00110762,0.00992919,15.4271,0.154915,1.72912,0.912455,0.00623756,0.00623756,8.19444,0.0736153,0.659919,0.511171,0.699217
HFO_41,0.122123,0.00112665,0.00998959,15.4201,0.149296,1.73672,0.919677,0.00594231,0.00594231,8.18787,0.0776511,0.688507,0.477579,0.699071
HFO_42,0.122195,0.00132485,0.00957649,15.4296,0.185785,1.68205,0.915015,0.00548985,0.00548985,8.18232,0.0873151,0.631145,0.279243,0.819221
HFO_43,0.122041,0.00155487,0.00943031,15.4112,0.183778,1.62846,0.919067,0.00505457,0.00505457,8.18577,0.102795,0.623455,0.207626,0.872163
HFO_44,0.122318,0.00136853,0.0114163,15.4457,0.174362,2.0295,0.91555,0.00643433,0.00643433,8.18976,0.0933644,0.778847,0.38032,0.717812
HFO_45,0.121807,0.00183631,0.00875881,15.3866,0.1967,1.4641,0.914693,0.00685115,0.00685115,8.18642,0.123085,0.587088,0.48077,0.828332
HFO_46,0.122128,0.00167243,0.00994358,15.4203,0.184755,1.70898,0.919259,0.00640695,0.00640695,8.18663,0.110431,0.656574,0.381814,0.820634
HFO_47,0.122147,0.00166511,0.0101072,15.4219,0.197556,1.74355,0.917688,0.00618543,0.00618543,8.18749,0.112123,0.680587,0.360489,0.815977
HFO_48,0.122269,0.00225424,0.0120399,15.4392,0.277495,2.08434,0.915296,0.00680595,0.00680595,8.20743,0.149167,0.796706,0.207333,0.889628
HFO_49,0.122181,0.00128241,0.00835379,15.4254,0.160562,1.43294,0.916611,0.00466499,0.00466499,8.17545,0.0826441,0.538356,0.34555,0.828777
HFO_5,0.122183,0.00109273,0.010218,15.4272,0.145818,1.76588,0.917422,0.00597421,0.00597421,8.18552,0.0732054,0.684534,0.41928,0.725351
HFO_50,0.122116,0.00126235,0.00965265,15.4172,0.17041,1.67937,0.915244,0.00474159,0.00474159,8.18586,0.0872894,0.667465,0.246152,0.816311
HFO_51,0.122214,0.00160914,0.0098564,15.4312,0.211255,1.70907,0.916026,0.00515706,0.00515706,8.18234,0.109712,0.672014,0.193656,0.878387
HFO_52,0.122182,0.00165727,0.0100156,15.4267,0.209899,1.72229,0.920271,0.00444129,0.00444129,8.18506,0.111026,0.670982,0.219807,0.901484
HFO_53,0.12213,0.00154537,0.0100237,15.4184,0.214542,1.7286,0.916446,0.00473474,0.00473474,8.18723,0.105259,0.682738,0.0451229,0.892661
HFO_54,0.122204,0.00153351,0.00906716,15.4291,0.192884,1.55905,0.914771,0.00406071,0.00406071,8.17644,0.0997356,0.589704,0.275084,0.898978
HFO_55,0.122166,0.00161197,0.0114708,15.4245,0.194259,1.98516,0.915382,0.00495439,0.00495439,8.19627,0.108298,0.770656,0.289253,0.882725
HFO_56,0.1225,0.0013442,0.00978448,15.4679,0.169814,1.69306,0.918562,0.00594271,0.00594271,8.16144,0.0903848,0.657915,0.414657,0.80077
HFO_57,0.121721,0.00210061,0.00945629,15.3715,0.253288,1.61847,0.917169,0.00601879,0.00601879,8.20201,0.145071,0.653065,0.283477,0.914152
HFO_58,0.122022,0.00188234,0.0104768,15.4043,0.245994,1.80451,0.91726,0.00528782,0.00528782,8.19982,0.130492,0.726299,0.190538,0.918022
HFO_59,0.122215,0.00232862,0.0114447,15.4324,0.292175,1.98213,0.913913,0.00660698,0.00660698,8.20584,0.159316,0.783005,0.158461,0.91727
HFO_6,0.122052,0.00112739,0.00875482,15.43,0.138761,1.55139,0.918167,0.00647391,0.00647391,8.19033,0.0792973,0.61579,0.538886,0.661378
HFO_60,0.122116,0.00205604,0.0103,15.4189,0.232164,1.76582,0.920225,0.00820415,0.00820415,8.19145,0.141726,0.709997,0.353973,0.850582
HFO_61,0.122206,0.00154187,0.0103938,15.4286,0.177514,1.79271,0.915039,0.00636008,0.00636008,8.18758,0.104872,0.706947,0.368678,0.80618
HFO_7,0.122171,0.00127845,0.010055,15.4248,0.152204,1.73433,0.913682,0.00616357,0.00616357,8.18589,0.0833641,0.655661,0.454947,0.710876
HFO_8,0.122156,0.00142187,0.0100717,15.4235,0.174894,1.73765,0.916893,0.0064719,0.0064719,8.18667,0.0947439,0.671114,0.324884,0.752176
HFO_9,0.122301,0.00118219,0.0104487,15.424,0.145415,1.76495,0.918361,0.00571453,0.00571453,8.18687,0.0794871,0.702542,0.453453,0.754487
91500-1,0.155815,0.0016048,0.0121177,1.61524,0.0384176,0.182579,0.0756969,0.00177485,0.00177485,6.4266,0.0644194,0.486425,0.0668124,0.336714
91500-10,0.173322,0.00165965,0.01382,1.76387,0.03734,0.20004,0.0752915,0.00179036,0.00179036,5.76433,0.0552477,0.460051,0.229553,0.197031
91500-11,0.144986,0.00147122,0.0120477,1.53833,0.0332519,0.175718,0.0760124,0.00162097,0.00162097,6.92133,0.074143,0.607154,0.000579356,0.464203
91500-12,0.212939,0.00203356,0.0159974,2.20774,0.0473584,0.246324,0.0744238,0.00160308,0.00160308,4.98318,0.0497495,0.391365,-0.158638,0.534087
91500-13,0.150948,0.00141966,0.0127444,1.56268,0.0376533,0.180998,0.0753088,0.00168916,0.00168916,6.6808,0.0625366,0.561395,-0.0702163,0.457299
91500-14,0.16362,0.00172835,0.0135194,1.75619,0.0379917,0.200512,0.0762857,0.00158684,0.00158684,6.05274,0.0637285,0.498494,0.0870769,0.379183
91500-15,0.12223,0.00118738,0.0105937,1.27192,0.025509,0.147516,0.0762887,0.00145819,0.00145819,8.93472,0.0948491,0.846242,0.0568778,0.406549
91500-16,0.19476,0.00239523,0.0148919,2.02444,0.0511733,0.227486,0.0760297,0.00178027,0.00178027,5.24676,0.0665047,0.413481,0.105265,0.385887
91500-17,0.143765,0.00159297,0.0120344,1.49608,0.0315446,0.171617,0.0759238,0.00144659,0.00144659,7.00829,0.0790446,0.597157,-0.0891362,0.549797
91500-18,0.153128,0.00142747,0.0123299,1.77036,0.0347457,0.200299,0.084053,0.00160438,0.00160438,6.54135,0.0618782,0.53448,0.102646,0.329658
91500-19,0.196977,0.00182908,0.015176,2.06098,0.0432934,0.230773,0.0763248,0.0016832,0.0016832,5.37226,0.0505048,0.419042,0.056503,0.393625
91500-2,0.142879,0.00158154,0.0117475,1.47954,0.0369438,0.169623,0.0743204,0.00174232,0.00174232,6.95479,0.079138,0.58783,0.0580585,0.406584
91500-20,0.160627,0.00177378,0.0134568,1.86002,0.0646765,0.218024,0.0860063,0.0026783,0.0026783,6.18595,0.0672645,0.510304,-0.223549,0.431836
91500-21,0.177474,0.00153288,0.0140929,1.91409,0.033947,0.216715,0.0787275,0.00152562,0.00152562,5.60362,0.0487921,0.448581,0.355323,0.171879
91500-22,0.226655,0.00149859,0.0171025,2.38489,0.0442251,0.262563,0.0748838,0.00140264,0.00140264,4.7668,0.0305553,0.348707,0.0370027,0.323378
91500-23,0.151998,0.00127156,0.0130587,1.55871,0.0248429,0.17839,0.0745113,0.00124983,0.00124983,6.5728,0.056745,0.582763,0.19569,0.299454
91500-24,0.114388,0.00123495,0.0100008,1.18512,0.0222645,0.136792,0.0752678,0.0013596,0.0013596,10.2533,0.120197,0.973375,0.224261,0.286695
91500-25,0.147712,0.00118198,0.0115114,1.60143,0.0285943,0.179186,0.0785517,0.00137377,0.00137377,6.61733,0.0515551,0.502097,0.214212,0.209598
91500-26,0.144531,0.00120486,0.011711,1.47343,0.026848,0.166814,0.0749783,0.00128922,0.00128922,6.88586,0.0580852,0.564575,0.072576,0.362264
91500-27,0.125431,0.0011602,0.0108116,1.2977,0.0208488,0.14844,0.0747458,0.0011228,0.0011228,8.34635,0.0831418,0.774773,0.264304,0.294915
91500-28,0.180801,0.00187286,0.0155029,1.86777,0.0372931,0.216202,0.074602,0.00131277,0.00131277,5.57206,0.0599279,0.496062,-0.0136692,0.512425
91500-29,0.173288,0.00179421,0.0156182,1.80755,0.0388081,0.211068,0.0754401,0.00148043,0.00148043,5.80371,0.059327,0.516428,0.0372295,0.414346
91500-3,0.14392,0.00161369,0.0117636,1.45875,0.0309844,0.166119,0.0745665,0.00161781,0.00161781,6.90487,0.0781214,0.569496,0.142586,0.336794
91500-30,0.118195,0.00145631,0.0101659,1.52467,0.0404486,0.178795,0.0938109,0.00174541,0.00174541,9.3486,0.117252,0.818493,-0.360391,0.685989
91500-31,0.146132,0.00164043,0.0125006,1.52871,0.0237072,0.176013,0.075478,0.000862032,0.000862032,6.904,0.0794067,0.605102,-0.0428917,0.7031
91500-4,0.149894,0.0015422,0.0121801,1.52894,0.0336254,0.173907,0.0743089,0.00159834,0.00159834,6.69793,0.0667745,0.527379,0.0656741,0.379028
91500-5,0.144989,0.001662,0.0119275,1.57423,0.0391792,0.180469,0.0772703,0.0017028,0.0017028,6.8785,0.0796188,0.57139,0.031349,0.427069
91500-6,0.151931,0.00149345,0.0123193,1.58344,0.0353285,0.180353,0.0764308,0.00164199,0.00164199,6.56097,0.0657248,0.542153,0.199877,0.226245
91500-7,0.15107,0.00169756,0.0123358,1.59186,0.0384762,0.181874,0.0761234,0.00160563,0.00160563,6.61752,0.0767833,0.557965,-0.0947426,0.534873
91500-8,0.146184,0.00159567,0.0119899,1.55493,0.0324619,0.176862,0.0760482,0.00151611,0.00151611,6.80136,0.0737107,0.553863,0.0995263,0.364026
91500-9,0.149316,0.00153556,0.0121938,1.56363,0.035736,0.178456,0.0758337,0.00170885,0.00170885,6.7002,0.0688843,0.547005,0.073574,0.329471