,Spot Size (µm),Final Pb206/U238_mean,Final Pb206/U238_2SE(int),Final Pb206/U238 age_mean,Final Pb206/U238 age_2SE(int),Final Pb207/U235_mean,Final Pb207/U235_2SE(int),Final Pb207/U235 age_mean,Final Pb207/U235 age_2SE(int),Final Pb207/Pb206_mean,Final Pb207/Pb206_2SE(int),Final Pb207/Pb206 age_mean,Final Pb207/Pb206 age_2SE(int),Final U238/Pb206_mean,Final U238/Pb206_2SE(int),,rho 206Pb/238U v 207Pb/235U,rho 207Pb/206Pb v 238U/206Pb
HFO_58,60,0.12216,0.000710751,742.935235,4.082912121,15.424,0.09155155,2841.896433,5.787284926,0.9167,0.004243615,4973.591101,0,8.185985593,0.049027527,,0.652253969,0.432981507
HFO_56,60,0.12216,0.000881524,742.9089352,5.065038198,15.424,0.093915036,2841.16743,5.827075262,0.9167,0.004240501,,,8.185985593,0.059583069,,0.72824016,0.383742609
HFO_57,60,0.12216,0.00068882,742.9381518,3.959820142,15.424,0.092072595,2841.195235,5.688583851,0.9167,0.004405643,,,8.185985593,0.045556606,,0.587149101,0.443427938
HFO_55,60,0.12216,0.001076158,742.8719354,6.190524704,15.424,0.115040342,2840.840073,7.207551196,0.9167,0.004163501,,,8.185985593,0.072607878,,0.851243251,0.324235021
HFO_54,60,0.12216,0.001514292,742.7626228,8.694585039,15.424,0.207982085,2838.728894,12.84342101,0.9167,0.004830121,4987.994163,16.98389497,8.185985593,0.101307268,,0.913283263,0.137375539
HFO_53,60,0.12216,0.001101705,742.8667445,6.329580372,15.424,0.143483045,2840.316312,8.952932993,0.9167,0.004232664,,,8.185985593,0.074332324,,0.850088588,0.252560454
HFO_52,60,0.12216,0.001139926,742.8586472,6.542251198,15.424,0.152852888,2840.129982,9.480970774,0.9167,0.004583802,4974.143681,17.60022345,8.185985593,0.077314556,,0.829259436,0.237181547
HFO_50,60,0.12216,0.001207753,742.8430066,6.941421882,15.424,0.159104586,2839.973697,9.938469889,0.9167,0.003963097,,,8.185985593,0.082104179,,0.891710624,0.266643886
HFO_51,60,0.12216,0.001236523,742.8362375,7.105690901,15.424,0.171952977,2840.9781,10.97714055,0.9167,0.004760318,4968.027803,20.31937316,8.185985593,0.083861564,,0.87017001,0.157804865
HFO_48,60,0.12216,0.000948337,742.897335,5.439130305,15.424,0.129772576,2840.629002,7.882048725,0.9167,0.004261896,4985.864121,6.74715049,8.185985593,0.064235031,,0.860472466,0.244322252
HFO_49,60,0.12216,0.001127634,742.8613958,6.469396729,15.424,0.137762,2840.460768,8.462505226,0.9167,0.004686952,4969.871297,4.743514533,8.185985593,0.074550466,,0.881093356,0.255651157
HFO_46,60,0.12216,0.000932809,742.9000978,5.352436026,15.424,0.127217675,2840.664952,7.77522935,0.9167,0.004061391,,,8.185985593,0.061478744,,0.832441345,0.160214811
HFO_47,60,0.12216,0.000837505,742.9163042,4.809324916,15.424,0.109123357,2840.954605,6.724553115,0.9167,0.004874645,4872.41548,230.4877325,8.185985593,0.055962241,,0.452155925,0.559803441
HFO_44,60,0.12216,0.000996918,742.888045,5.725767446,15.424,0.12534754,2840.678646,7.762796483,0.9167,0.004420933,4992.560825,0,8.185985593,0.066984622,,0.852604064,0.221880436
HFO_45,60,0.12216,0.000853761,742.9136706,4.901549887,15.424,0.103718896,2841.822232,6.250224034,0.9167,0.004964399,4988.295373,13.86957919,8.185985593,0.058450929,,0.66639016,0.431246849
HFO_42,60,0.12216,0.000873986,742.910215,5.021686241,15.424,0.108099265,2841.810271,6.522781171,0.9167,0.003831573,4995.316454,0,8.185985593,0.057384022,,0.800593706,0.312779154
HFO_43,60,0.12216,0.000830259,742.9174353,4.769650572,15.424,0.103910562,2841.034096,6.398143221,0.9167,0.004300843,,,8.185985593,0.05391961,,0.741540999,0.364050544
HFO_40,60,0.12216,0.000902071,742.9055368,5.176167938,15.424,0.112443774,2840.915707,6.853622742,0.9167,0.003963948,,,8.185985593,0.059505676,,0.819500987,0.291082959
HFO_41,60,0.12216,0.001106392,742.8658336,6.352916322,15.424,0.113537487,2840.876934,7.044363108,0.9167,0.004467727,,,8.185985593,0.073985354,,0.821129832,0.34253389
HFO_38,60,0.12216,0.000858073,742.9129003,4.929467007,15.424,0.10383248,2841.028324,6.436861167,0.9167,0.004163492,4988.256619,0,8.185985593,0.057737655,,0.796038347,0.399270509
HFO_39,60,0.12216,0.001009815,742.8855571,5.798921431,15.424,0.111836646,2840.914516,6.878667513,0.9167,0.00466888,4993.802994,0,8.185985593,0.067572558,,0.763150964,0.429030231
HFO_36,60,0.12216,0.001406203,742.7927243,8.086009128,15.424,0.194549429,2839.037833,12.26391942,0.9167,0.004603892,4985.088057,0,8.185985593,0.096622883,,0.906233087,0.039097754
HFO_37,60,0.12216,0.000781227,742.9251039,4.486182967,15.424,0.110691186,2840.928585,6.831762534,0.9167,0.004005014,,,8.185985593,0.05518238,,0.796898894,0.310350151
HFO_34,60,0.12216,0.00119005,742.8470985,6.840368592,15.424,0.161001466,2839.940237,10.01742409,0.9167,0.004827246,4997.819336,0,8.185985593,0.082970732,,0.864394713,0.263371415
HFO_35,60,0.12216,0.000860127,742.9126582,4.936138888,15.424,0.098535682,2841.964553,6.257704493,0.9167,0.00393681,,,8.185985593,0.056834944,,0.795531978,0.408326855
HFO_32,60,0.12216,0.000856393,742.9133854,4.909392796,15.424,0.116085676,2840.864973,7.035782767,0.9167,0.004479064,4985.284052,0,8.185985593,0.057826856,,0.834126603,0.32495489
HFO_33,60,0.12216,0.000982822,742.8908618,5.639305132,15.424,0.127070117,2840.666719,7.771324681,0.9167,0.005188272,4996.931719,3.301759987,8.185985593,0.066630966,,0.806528544,0.297447807
HFO_30,60,0.12216,0.001038125,742.8799812,5.960486568,15.424,0.13735936,2840.460038,8.477150191,0.9167,0.004918436,,,8.185985593,0.069260358,,0.778026876,0.248855028
HFO_31,60,0.12216,0.000862513,742.9122393,4.950659086,15.424,0.110430771,2840.929057,6.836354207,0.9167,0.00466622,4995.290299,0,8.185985593,0.057181833,,0.727178393,0.328462235
HFO_28,60,0.12216,0.001171336,742.8514041,6.73135509,15.424,0.143679544,2840.334311,8.868761157,0.9167,0.005365814,4950.883753,0,8.185985593,0.079732955,,0.787768464,0.414782653
HFO_29,60,0.12216,0.000909418,742.9042726,5.218074283,15.424,0.119566852,2840.797985,7.304562913,0.9167,0.004678674,4993.811436,0,8.185985593,0.060068362,,0.882075026,0.311081847
HFO_26,60,0.12216,0.00083591,742.9166271,4.797012026,15.424,0.093491871,2841.178298,5.764456734,0.9167,0.004208087,4994.55147,0,8.185985593,0.055240415,,0.828786733,0.313383424
HFO_27,60,0.12216,0.00092648,742.9013095,5.312808969,15.424,0.117356935,2840.826305,7.213232496,0.9167,0.004848824,,,8.185985593,0.060561337,,0.835138261,0.37162449
HFO_24,60,0.12216,0.001005931,742.8865134,5.768345527,15.424,0.112086408,2840.915579,6.867055257,0.9167,0.004235371,,,8.185985593,0.065957221,,0.900359282,0.264951486
HFO_25,60,0.12216,0.000733418,742.9321673,4.20749628,15.424,0.10492545,2841.027603,6.408002891,0.9167,0.00419317,,,8.185985593,0.048134462,,0.831738204,0.312063944
HFO_22,60,0.12216,0.001005871,742.8863572,5.774845264,15.424,0.127521272,2840.642128,7.88198309,0.9167,0.004621836,4982.595625,13.84964426,8.185985593,0.067063449,,0.78649389,0.349080277
HFO_23,60,0.12216,0.000946408,742.8976212,5.431190975,15.424,0.107575844,2840.991719,6.550702975,0.9167,0.004719625,4983.950427,15.56927736,8.185985593,0.062747151,,0.840712852,0.140562968
HFO_20,60,0.12216,0.00093856,742.8990279,5.387132135,15.424,0.107446443,2842.053634,6.904443974,0.9167,0.004140044,,,8.185985593,0.062423041,,0.87209329,0.397554144
HFO_21,60,0.12216,0.00097847,742.8916814,5.614310138,15.424,0.11911922,2840.791105,7.353631199,0.9167,0.00455083,4970.729796,38.04808543,8.185985593,0.066243948,,0.778946567,0.38727686
HFO_18,60,0.12216,0.000930764,742.9003526,5.346116082,15.424,0.10064586,2841.083942,6.179768301,0.9167,0.004457231,4991.925979,0,8.185985593,0.062539784,,0.770723661,0.484129819
HFO_19,60,0.12216,0.000969055,742.8935461,5.55647081,15.424,0.124796999,2840.713758,7.59658995,0.9167,0.004123701,,,8.185985593,0.069014746,,0.891743991,0.285157532
HFO_16,60,0.12216,0.000821232,742.9189079,4.71620126,15.424,0.112904357,2840.90205,6.919250866,0.9167,0.004586651,4991.264685,0,8.185985593,0.054981089,,0.772519656,0.33605637
HFO_17,60,0.12216,0.000811095,742.9205339,4.656606467,15.424,0.114987907,2840.868666,7.047189537,0.9167,0.004873412,4995.509372,0.943436813,8.185985593,0.053988656,,0.820740881,0.409521582
HFO_59,60,0.12216,0.000847822,742.9147919,4.859959822,15.424,0.087476388,2841.264589,5.325202348,0.9167,0.004826637,4996.840644,0,8.185985593,0.055024533,,0.804979675,0.482746769
HFO_6,60,0.12216,0.001002492,742.8870294,5.754874732,15.424,0.111706904,2840.916017,6.874392073,0.9167,0.004374274,4986.889976,0,8.185985593,0.06667277,,0.827923266,0.351879079
HFO_60,60,0.12216,0.000810716,742.9206206,4.65292399,15.424,0.095247345,2841.158872,5.845353726,0.9167,0.004872332,4981.184862,0,8.185985593,0.053630486,,0.780146182,0.390033541
91500-28,40,0.151735136,0.002021185,910.3082434,11.30183829,1.577842554,0.033899375,958.2589254,13.20396681,0.075662048,0.001383806,1068.406693,37.47574913,6.631253909,0.087924944,,0.48549813,0.0608602
91500-29,40,0.151864549,0.00194431,911.0600081,10.8834283,1.568730289,0.032202967,956.5779508,13.09138535,0.075087165,0.001187172,1070.563857,33.22325381,6.622914122,0.085766165,,0.580690467,-0.074074549
91500-27,40,0.146003128,0.001729179,878.2424444,9.729601198,1.524725251,0.030695993,939.4473213,11.76275242,0.076137294,0.00127357,1084.213284,33.27946413,6.846263605,0.082275898,,0.528442797,0.004099578
91500-26,40,0.148432483,0.001890628,891.8412262,10.60151857,1.529880784,0.032285463,939.3864956,12.79177248,0.075384676,0.001469019,1059.790324,38.30534029,6.763303465,0.085792943,,0.448505614,-0.072022078
91500-25,40,0.147537071,0.001939874,886.7954135,10.88104147,1.547038662,0.035707799,945.656886,13.94647773,0.076438779,0.001518224,1086.557237,39.68191994,6.79510798,0.08825602,,0.447644756,-0.102171155
91500-24,40,0.14865874,0.001784914,893.1471949,10.00340007,1.551085373,0.033465287,947.6467482,13.27341003,0.076005696,0.001436454,1076.754121,38.04574497,6.741700824,0.08007544,,0.644820146,-0.126466946
91500-23,40,0.151365557,0.001676512,908.3559941,9.37543356,1.581494191,0.031412213,960.0767782,12.5063754,0.0759559,0.001410372,1089.818937,39.15249033,6.625168559,0.072772556,,0.399369542,0.11237239
91500-22,40,0.147736797,0.001716116,887.992806,9.624806612,1.515905765,0.030669412,935.7105083,12.72657476,0.075109611,0.001417619,1053.057905,37.861536,6.796379991,0.077946159,,0.50878785,-0.018103098
91500-21,40,0.156114027,0.002258504,934.6818432,12.57438295,1.61494839,0.037155288,972.1883982,14.36612681,0.074734486,0.001358855,1048.124405,37.722504,6.450865786,0.092571814,,0.593993191,0.064418517
91500-20,40,0.154479544,0.002252224,925.5619236,12.57641507,1.59286261,0.034662588,964.0495753,13.4228767,0.074503746,0.001302752,1038.76855,35.93430878,6.505934023,0.095834441,,0.465686258,0.135836618
91500-19,40,0.158015736,0.00231716,945.2531419,12.8993654,1.663148672,0.037043345,990.9587883,13.88047287,0.07629068,0.001375539,1090.815734,36.73518269,6.36428484,0.09452504,,0.523237236,0.109941957
91500-18,40,0.152062071,0.002186228,912.0740359,12.23121631,1.559285372,0.034300956,954.2777852,13.67927088,0.075055794,0.001456845,1056.161986,38.20540734,6.628628774,0.095941304,,0.565865097,0.035619114
91500-17,40,0.15451546,0.00219982,925.7844112,12.27058597,1.605653742,0.037028267,968.5577071,14.40329083,0.075515876,0.001380878,1073.786094,37.23441893,6.509313403,0.092287271,,0.642376567,-0.075169245
91500-16,40,0.152806527,0.002189032,916.2384908,12.22408021,1.606667703,0.039169388,968.4971496,15.24341485,0.076129145,0.00151348,1094.216368,39.33154017,6.58519686,0.093754222,,0.56320586,-0.042125227
91500-15,40,0.153465014,0.002380778,919.8410102,13.27097426,1.563735506,0.037628493,951.9160137,14.65474843,0.07421257,0.001413542,1028.471503,38.356108,6.562030106,0.099692271,,0.619558438,-0.031466583
91500-14,40,0.153941583,0.002214443,922.573112,12.3550641,1.620952984,0.038679164,978.0229673,15.01514978,0.076613098,0.001348896,1098.868481,36.50752498,6.533038123,0.093274996,,0.641792044,-0.104218095
91500-13,40,0.151610943,0.002362299,909.4775979,13.1795904,1.577736185,0.03838638,959.3483046,15.46176138,0.075995847,0.001518847,1074.20733,40.58480221,6.640407563,0.100075008,,0.621676844,-0.072365771
91500-12,40,0.155716978,0.002782957,932.2284062,15.47413102,1.633990735,0.048775235,977.0027674,18.44829899,0.07626776,0.001674182,1077.298447,44.51113603,6.476635816,0.115281942,,0.711799467,-0.125347637
91500-11,40,0.155330667,0.002344544,930.2758985,13.05872092,1.598770263,0.041753374,968.7269811,16.42377328,0.074688328,0.001710751,1039.218514,46.51895875,6.47824002,0.096602519,,0.520181171,0.026670354
91500-10,40,0.153609252,0.002409726,920.6342544,13.437002,1.554874449,0.040058925,949.7381713,16.04866173,0.073808071,0.001636311,1011.321395,44.30387302,6.536285616,0.100878334,,0.571767585,0.014417124
91500-9,40,0.150166319,0.002134975,901.4768003,11.95686816,1.575433352,0.039211963,956.198766,15.28855893,0.076609566,0.001601871,1089.043652,41.50868602,6.710892727,0.095337755,,0.576938834,-0.031068001
91500-8,40,0.152617969,0.002441985,915.0786343,13.60430329,1.610257445,0.038282038,973.7993299,15.53066191,0.077035826,0.001503253,1102.873758,38.68296085,6.602358615,0.101419993,,0.63958036,0.046686001
91500-30,40,0.154583419,0.002378758,926.0888775,13.27520154,1.619848756,0.038874287,973.7558674,14.9624651,0.076127666,0.001605557,1081.710896,41.22556821,6.516522455,0.100577221,,0.46877079,0.178626144
91500-31,40,0.155344785,0.002125701,930.442976,11.85419271,1.578604788,0.039207792,959.2086321,15.64295,0.073857112,0.001466177,1021.231491,41.60445331,6.472288847,0.088607464,,0.564188094,-0.057806307
BRc_grain_106_1,75,6.650869931,0.726476225,12536.713,318.204355,765.855722,84.20514099,6630.713164,56.53489979,0.835542606,0.006850145,4942.100758,9.17366956,0.170855164,0.008736138,,0.999585933,0.092498871
BRc_grain_106_2,75,5.188236055,0.594829361,11207.03083,287.0542748,582.5966306,65.46445963,6360.261831,51.17308466,0.819443847,0.007392563,4920.647678,10.03878519,0.223242331,0.008407309,,0.999345613,0.174402466
BRc_grain_106_3,75,5.036428831,0.519431258,11058.36472,234.9644453,568.3422871,56.61493577,6351.035011,47.41067942,0.82325434,0.007367419,4923.932048,11.33048346,0.225590838,0.008033908,,0.999089293,0.217685658
BRc_grain_106_4,75,9.660973724,0.80433695,14748.3414,335.1381906,1122.688809,92.78277022,7039.575267,57.40077879,0.845582117,0.009492038,4918.780095,16.04937461,0.11664017,0.006691071,,0.987185683,0.236852305
BRc_grain_107_1,75,3.422963639,0.160809219,9453.442857,202.3750542,394.885914,18.62739146,6040.462541,39.63369858,0.840027552,0.00544605,4949.908473,7.69655519,0.305871557,0.011766382,,0.995621181,0.140348264
BRc_grain_107_2,75,3.259150683,0.120145839,9261.432138,158.2771117,377.4917477,14.09450191,6007.065347,31.33195375,0.841764009,0.005415368,4954.246014,6.898164668,0.317072939,0.009226673,,0.995450122,0.167833032
BRc_grain_107_3,75,3.124266364,0.198366649,8926.371275,248.4734927,357.7704021,20.71555585,5934.673925,48.58221411,0.844891157,0.006173142,4947.484891,9.127565106,0.343972848,0.015591621,,0.997557743,0.270987031
BRc_grain_107_4,75,2.560035686,0.158927694,8045.428329,247.685732,298.3408367,20.25885832,5730.72273,51.26581325,0.835547072,0.004161837,4958.571266,5.578056167,0.414426472,0.019513173,,0.99843848,0.008912215
BRc_grain_107_5,75,2.624176689,0.16108665,8151.747343,252.9872526,305.2552751,20.3182153,5752.261451,52.94068659,0.834329135,0.00499799,4950.499982,7.045308114,0.408897047,0.019878885,,0.997418489,-0.004024204
BRc_grain_107_6,75,2.373248033,0.095009859,7753.294609,165.6045165,269.555364,10.14743682,5663.164224,34.55155463,0.833529036,0.009047413,4916.019491,12.86249274,0.438579299,0.01580298,,0.986389801,0.185056856
BRc_grain_107_7,75,2.526522843,0.141455644,7961.498299,226.6372881,290.3584804,16.46522149,5713.804917,48.32058584,0.835204858,0.004496668,4953.570703,5.795270201,0.423680901,0.019860679,,0.997378551,0.090878723
BRc_grain_107_8,75,2.520875905,0.184592648,7870.774557,268.3388367,288.274111,21.66925689,5691.431153,59.64346752,0.830087123,0.004795911,4947.958441,7.001966381,0.435432917,0.022233507,,0.99878831,-0.106634662
BRc_grain_107_9,75,2.400863858,0.109683908,7809.096926,202.9005336,274.4521005,12.03659938,5674.416109,38.93659235,0.839702091,0.015536846,4861.64572,22.08949965,0.435376845,0.019820266,,0.975414029,0.44689726
BRc_grain_107_10,75,2.829749802,0.251284273,8416.047304,379.7945943,326.6483976,28.71884052,5806.17033,76.43757424,0.846769702,0.013860056,4889.365251,16.67891828,0.415946757,0.026767774,,0.993503238,0.266647728
BRc_grain_107_11,75,2.77453398,0.148956361,8423.402497,203.0415708,322.2445901,19.51576496,5822.574622,44.29300805,0.831671325,0.006381094,4933.674327,8.508560817,0.376867216,0.01448051,,0.996253428,0.100572137
BRc_grain_108_1,75,2.367060466,0.124646906,7695.738252,200.169118,263.1556299,14.3645865,5621.466293,43.80153337,0.808116769,0.005801121,4920.289432,8.774843047,0.441764298,0.019388323,,0.997767444,-0.068281207
BRc_grain_108_2,75,2.277918841,0.127615066,7509.611646,209.2974471,254.0077689,14.86318902,5580.137339,46.37764306,0.809227572,0.005792789,4918.447317,8.246307196,0.462446869,0.019837873,,0.996730391,-0.085492964
BRc_grain_108_3,75,2.396275463,0.153045552,7687.165225,244.4802293,263.9562341,16.0527311,5626.850589,54.8127252,0.809680804,0.005871675,4919.966555,8.819643937,0.451286824,0.022028778,,0.99648225,0.045266873
BRc_grain_108_4,75,1.877254861,0.105901232,6685.994106,196.4071883,206.5084825,12.10917588,5372.442849,45.38269106,0.799146932,0.005794952,4909.131671,8.539429615,0.557236412,0.024956696,,0.997049927,-0.069297684
BRc_grain_108_5,75,1.880149767,0.1346494,6627.209089,237.8138575,202.3107699,14.19024751,5342.647899,55.7611648,0.792474832,0.00648973,4895.822177,10.60589904,0.577749628,0.027619542,,0.997713597,-0.157404643
BRc_grain_108_6,75,2.104752819,0.171032082,7088.268164,289.9006113,237.7297905,21.52990825,5462.645203,64.89979089,0.803331836,0.005967395,4911.547702,9.27548689,0.528068817,0.028098871,,0.998443812,-0.166788272
BRc_grain_108_7,75,2.774584543,0.205344671,8317.718047,264.8739566,316.0436011,25.11972528,5773.8191,56.3916371,0.815495028,0.006067494,4928.939609,8.511435994,0.38970726,0.018684838,,0.997374762,0.038254161
BRc_grain_108_8,75,1.836388107,0.113237432,6578.749602,205.2540623,200.9214439,13.18370019,5337.471632,48.12228799,0.794469709,0.007382809,4891.48958,11.66728554,0.56974302,0.02535738,,0.995789267,-0.056283251
BRc_grain_108_9,75,1.849966767,0.119986398,6553.816555,206.3429287,199.9944189,12.93232639,5339.401159,52.18354279,0.79482683,0.006633075,4897.2039,11.30845734,0.578639972,0.026690595,,0.997136503,-0.222129788
BRc_grain_108_10,75,2.000203888,0.178552074,6844.22933,305.4178298,219.0063717,20.63614544,5386.056887,69.57810017,0.792712041,0.00861254,4878.304259,13.27958604,0.561871982,0.032170812,,0.997784737,-0.15046542
BRc_grain_108_11,75,1.932517615,0.117550706,6784.374059,214.56476,213.1533894,13.42597214,5396.369264,49.48104673,0.800287161,0.005643876,4912.349778,8.906178948,0.548293201,0.026215566,,0.997294967,-0.044244176
BRc_grain_108_12,75,1.806145309,0.148364181,6419.030573,258.7598104,195.2742963,17.0447734,5275.199241,60.52564673,0.782088649,0.006920665,4876.198693,11.78981798,0.611897259,0.032509636,,0.998131068,-0.083253932
BRc_grain_108_13,75,1.904664224,0.105307832,6754.205818,189.1002215,206.94708,11.92493111,5376.933725,43.68576511,0.790365584,0.007638522,4885.510397,12.48084452,0.550824642,0.020961644,,0.995534501,-0.108405334
BRc_grain_108_14,75,2.491160803,0.156677217,7876.509615,234.0375323,277.8148047,18.0646521,5662.355722,49.86302084,0.808555013,0.005324342,4923.496314,8.343099605,0.426437259,0.019954037,,0.997083656,0.001484057
BRc_grain_108_15,75,2.083612257,0.137744636,7079.727565,231.5980635,229.6737878,16.08041472,5471.316535,55.81221766,0.799709712,0.006250759,4908.306128,9.899118534,0.513260795,0.024926388,,0.998117368,-0.189933221
BRc_grain_108_16,75,1.713994749,0.092947253,6324.90641,184.5164913,184.2102536,10.43487128,5259.133389,44.39810726,0.781393054,0.008045718,4874.973267,12.54472883,0.610389331,0.02581917,,0.995700287,0.014749722
BRc_grain_108_17,75,2.2452797,0.170441161,7352.529969,261.9224674,254.100259,21.63063338,5543.813843,59.59581005,0.808160875,0.010006037,4889.262852,16.03320472,0.483247442,0.024609211,,0.99567097,0.059538806
BRc_grain_108_18,75,2.583669764,0.143162962,8078.979389,213.0629539,290.1761729,16.6767414,5717.27406,45.08624166,0.815901239,0.005378758,4931.936471,7.984497536,0.40606537,0.01819985,,0.997664836,0.024514985
BRc_grain_108_19,75,2.532607391,0.143237936,7972.07071,226.0042963,282.947031,16.31978488,5693.804034,50.62971219,0.811669538,0.006293629,4921.001588,8.638278642,0.421342254,0.019485282,,0.996738901,0.010400102
BRc_grain_109_1,75,6.416060087,0.159414775,12859.42052,139.9987686,739.6984739,17.34692406,6701.177822,24.56354423,0.840892611,0.004487078,4957.664485,6.424231278,0.159284892,0.00406906,,0.977078422,0.130686482
BRc_grain_109_2,75,5.133846722,0.177290067,11595.59901,180.4692304,584.8894816,19.35502839,6455.351624,33.75160909,0.832373714,0.003995144,4956.78015,5.703939516,0.201250087,0.006913289,,0.99187005,0.007072727
BRc_grain_109_3,75,5.775888508,0.23703405,12215.3799,192.0826875,665.9308767,27.27721574,6578.237161,34.23990279,0.838717415,0.00522563,4954.586854,7.475667122,0.177646504,0.006264327,,0.994898113,0.187574514
BRc_grain_109_4,75,4.967182763,0.166929119,11468.77476,189.5860571,564.8004158,19.20232844,6423.209035,35.60504302,0.827859654,0.006341401,4935.317621,10.36794981,0.207375187,0.007350828,,0.98197272,0.103881592
BRc_grain_109_5,75,4.685374185,0.254903415,11008.41006,245.7787787,527.9016227,26.85752426,6335.162054,45.81637609,0.829215364,0.00503379,4946.323175,7.546981615,0.225165403,0.010287747,,0.996858863,0.046154527
BRc_grain_109_6,75,4.52097702,0.21842515,10897.45952,263.2941341,514.6430324,25.0585454,6310.993013,50.63205826,0.828076261,0.003543873,4956.933198,5.528621427,0.236019444,0.011777463,,0.996636527,-0.080166149
BRc_grain_109_7,75,3.919423464,0.271588448,10023.76272,314.6231886,439.5925068,31.11291882,6126.747273,64.71707284,0.814221876,0.00517436,4932.990417,7.022037961,0.282138797,0.016174854,,0.998219536,-0.178499988
BRc_grain_109_8,75,4.679419129,0.214584048,11053.05786,212.3474578,529.0281719,24.81249017,6336.114014,40.31983195,0.821508638,0.003284957,4949.714877,4.801404282,0.22323956,0.00860979,,0.998244003,-0.11694121
BRc_grain_109_9,75,4.430806168,0.215418844,10783.47486,234.5347434,502.3366636,24.51803351,6287.024212,44.0586703,0.824330067,0.004037413,4948.983719,5.927505235,0.235517285,0.010114238,,0.997075941,0.08778051
BRc_grain_109_10,75,4.838235776,0.254607197,11194.40419,275.8110184,557.7267513,29.33293316,6380.848955,51.93038883,0.838566562,0.004607322,4956.493845,6.280369412,0.223843575,0.011488791,,0.996452189,0.04891387
BRc_grain_110_1,75,1.872409116,0.269551823,5942.503736,547.4751306,206.774561,30.79466484,5019.290126,149.7521537,0.774090241,0.01671399,4784.374474,24.48069699,1.040712309,0.112700304,,0.972183869,-0.368972212
BRc_grain_110_2,75,2.079340364,0.062384565,7205.219273,121.3223671,241.2586817,6.681590171,5561.536981,25.67540297,0.843499031,0.007568837,4927.804666,12.44462536,0.491914148,0.012815018,,0.972656099,0.391417101
BRc_grain_110_3,75,2.719458656,0.07425859,8418.461498,130.6222838,321.7984017,9.795917961,5851.100611,32.45389901,0.855262668,0.00782542,4935.207951,12.43064585,0.37434335,0.011539607,,0.955401843,-0.094477702
BRc_grain_110_4,75,1.336806509,0.083893575,5341.643018,202.1263015,143.0196268,9.808593263,4974.3378,59.76007265,0.76818629,0.010024664,4837.76279,15.90200984,0.81275694,0.041979045,,0.991715449,-0.303910699
BRc_grain_110_5,75,1.595316335,0.03424993,6127.450895,83.20835968,175.4865415,3.5261222,5248.911484,21.08975498,0.803814335,0.011833034,4872.170119,15.85967356,0.632898779,0.013443011,,0.889999719,0.333050333
BRc_grain_110_6,75,2.443325896,0.094682454,7887.811572,164.7639491,276.734644,10.58999086,5700.0845,35.76284454,0.822317984,0.00790857,4916.385012,12.18287109,0.417035938,0.015015289,,0.985326135,0.106315602
BRc_grain_110_7,75,2.802368494,0.15993151,8510.571943,277.7514878,317.8019237,19.2252339,5804.007924,60.19304497,0.813513924,0.007655963,4911.493039,10.8838133,0.390877091,0.022316189,,0.991725151,-0.079216911
BRc_grain_111_1,75,3.274477799,0.117147288,9288.110083,154.7345655,356.9040852,11.55928023,5963.853053,31.61336361,0.80502173,0.005199845,4916.706287,7.955128715,0.314019936,0.008630737,,0.990636372,-0.178329997
BRc_grain_111_2,75,3.371003975,0.183878674,9401.766789,249.7990156,374.6510615,21.63981486,5984.133456,52.19460722,0.803331555,0.005335592,4917.463812,8.730692345,0.314104954,0.013415243,,0.9934517,-0.246255424
BRc_grain_111_3,75,3.471494011,0.073711747,9607.323367,92.95634209,384.5655574,7.324427642,6040.048376,17.94764517,0.807044827,0.00470319,4925.562667,7.499740179,0.29109649,0.005296699,,0.982239135,0.276324356
BRc_grain_111_4,75,3.322648158,0.070324854,9419.415109,105.9404774,368.215372,6.451020888,5999.288476,18.14558146,0.808516195,0.005715108,4917.60391,8.952364224,0.303187491,0.006526816,,0.940800442,0.390863327
BRc_grain_111_5,75,3.079625162,0.071066496,9026.407498,113.267672,338.2944778,7.473089052,5910.257804,23.50116223,0.799915596,0.00380637,4917.283259,6.441650578,0.329308126,0.008118605,,0.983280202,-0.040459324
BRc_grain_111_6,75,3.454412061,0.107557661,9599.308177,155.6486575,384.9755463,12.22667298,6036.958674,31.77310869,0.807743677,0.003991065,4928.494827,6.365279858,0.295891888,0.009555981,,0.986776617,-0.095481658
BRc_grain_112_1,75,1.378985492,0.069968586,5474.561709,144.1470135,134.6034363,6.970566954,4943.1254,37.08044143,0.714741487,0.007382362,4756.919856,14.7976652,0.765565371,0.024469665,,0.994647211,-0.250373672
BRc_grain_112_2,75,0.983105448,0.053712011,4350.459662,135.5523886,96.28855115,6.104672077,4599.013625,34.90446688,0.70970179,0.007961487,4746.204217,16.09728432,1.074560258,0.028408894,,0.997959227,-0.215568828
BRc_grain_112_3,75,1.424418963,0.152137748,5329.507319,228.728457,138.8632206,17.17584502,4875.426051,64.27400353,0.694528592,0.009434606,4713.449678,19.50949817,0.798714102,0.037483808,,0.998708251,-0.39990865
BRc_grain_112_4,75,1.149594451,0.130651208,4635.180069,217.165987,110.6336789,14.59367684,4645.971224,60.77213936,0.685578854,0.009173587,4694.96222,19.19391386,1.000474426,0.040125671,,0.999058899,-0.515629322
BRc_grain_112_5,75,1.50562102,0.218253796,5379.072001,319.8258498,151.073661,24.82875142,4892.161826,86.84719509,0.707672824,0.008441731,4741.651137,17.01088921,0.826379186,0.050387761,,0.999545933,-0.643708587
BRc_grain_112_6,75,1.80347542,0.283088828,6059.090328,426.9372505,191.3694449,35.17263033,5070.54324,105.9787465,0.71274376,0.008232571,4750.412742,15.99878678,0.73437752,0.046405872,,0.999191513,-0.704130289
BRc_grain_112_7,75,0.997128963,0.068348902,4361.48778,167.165879,94.20741543,7.427565968,4554.534935,45.44513162,0.68065989,0.00677661,4688.613336,14.68995257,1.077248665,0.038479044,,0.998673839,-0.505666114
BRc_grain_112_8,75,1.114235155,0.085106742,4658.469882,160.0367724,109.4718693,9.499930756,4699.383767,45.21012528,0.7066849,0.006951297,4740.961385,13.98677038,0.979668389,0.029633789,,0.998927661,-0.462212115
BRc_grain_113_1,75,4.057633118,0.065439255,10413.56852,73.66426016,463.7473595,6.608824363,6229.363423,12.128735,0.828448053,0.006553149,4932.746428,9.128679442,0.248491166,0.003517123,,0.956443841,0.316489122
BRc_grain_113_2,75,4.192107629,0.067601427,10597.50301,84.07025703,482.456216,6.787761823,6272.25414,14.29797434,0.83271875,0.005842219,4950.458673,6.857629408,0.23964749,0.004053443,,0.91981975,0.34814353
BRc_grain_113_3,75,4.207180543,0.066577723,10617.40457,81.09126715,478.5857176,6.414493801,6264.496147,13.46699437,0.826520469,0.004988894,4948.397327,6.54033073,0.23911251,0.003687853,,0.970338752,0.194057263
BRc_grain_113_4,75,4.887505807,0.080147581,11417.9975,88.71028938,571.3683445,8.385279244,6443.427753,14.67519314,0.844578385,0.006463842,4950.906732,7.252158701,0.205567681,0.003310895,,0.90952591,0.404067764
BRc_grain_113_5,75,4.253850747,0.073480334,10671.03499,88.84640952,486.3529121,7.044670599,6280.233118,14.57301318,0.828347845,0.005957467,4936.717929,8.883003977,0.236341523,0.004117036,,0.949084749,0.407796058
BRc_grain_113_6,75,4.091114729,0.069093866,10469.1601,87.41866764,470.7755439,6.951478622,6247.1366,14.74523454,0.832489706,0.005100226,4952.060673,6.153876973,0.245732283,0.004328528,,0.965861625,0.426073167
BRc_grain_113_7,75,4.105617901,0.093993714,10484.50222,124.7456707,470.8363681,9.974665893,6245.784934,22.61076105,0.829557979,0.005434569,4941.414203,6.923144679,0.246610894,0.006185354,,0.965651026,0.277918868
BRc_grain_114_1,75,13.82727102,0.32134089,17347.15994,144.7812605,1659.302143,36.38741197,7523.104257,23.12897018,0.868809003,0.004460115,4978.09196,7.73925198,0.073366369,0.001765858,,0.987060813,0.274427748
BRc_grain_114_2,75,11.90571251,0.382461554,16412.00358,191.8607756,1421.603895,44.23954484,7354.393482,30.47901027,0.864882952,0.005732319,4964.043411,7.630988239,0.086104544,0.002606318,,0.984674527,0.206334621
BRc_grain_114_3,75,12.05348055,0.27821511,16522.46529,143.3857286,1420.29843,31.52762604,7367.256698,24.01817872,0.855707145,0.003873555,4973.549305,6.342051538,0.083634251,0.001907514,,0.979591126,0.156387886
BRc_grain_114_4,75,13.00530306,0.307410593,16958.02349,138.7069461,1554.452312,34.28272276,7453.504313,22.00735912,0.865484602,0.005272535,4967.870272,7.630973658,0.077745692,0.0019077,,0.981647057,0.245526028
BRc_grain_114_5,75,9.002727144,0.251995905,14772.6677,155.4521806,1068.527422,29.8823419,7068.17897,27.21662881,0.858591192,0.005769114,4962.851313,6.335317811,0.113394146,0.003042007,,0.984910941,0.052494897
BRc_grain_114_6,75,11.04391864,0.329304837,15973.23816,181.7764485,1312.99742,38.05898513,7278.630479,30.06353478,0.860982158,0.005441919,4963.991271,8.696940968,0.092378978,0.002803988,,0.977856779,0.167611929
BRc_grain_114_7,75,11.83323102,0.238500552,16409.91352,119.0074166,1418.423829,28.14001618,7362.192725,20.01990932,0.867085665,0.004825606,4967.905643,8.747642634,0.085311408,0.001755724,,0.978193969,0.08397628
BRc_grain_114_8,75,8.070835143,0.243031756,14187.05479,168.8845996,964.0120427,29.83101072,6971.431674,29.23085581,0.860271108,0.005673049,4961.280609,8.717779964,0.124287289,0.003996057,,0.989992629,0.241931962
BRc_grain_114_9,75,11.69569511,0.323122263,16302.17644,166.1121995,1379.809327,36.65840322,7334.64397,27.37600643,0.860650065,0.005910959,4958.342828,7.58974703,0.087302917,0.002466619,,0.971188989,0.007697043
BRc_grain_114_10,75,13.11792778,0.223767343,17035.31168,103.8741354,1560.026728,24.25788467,7461.518755,15.95666656,0.864799463,0.004933714,4968.830613,7.087223014,0.076968809,0.001364222,,0.934004495,0.296312109
BRc_grain_115_1,75,1.928725109,0.04265254,6913.036856,96.31676813,213.4902058,4.645585782,5444.595734,22.68757297,0.805019599,0.005728349,4916.998778,9.548617395,0.524775055,0.012156898,,0.954071398,0.051259929
BRc_grain_115_2,75,1.574541495,0.018647129,6089.911732,46.13756875,173.5405196,2.141617343,5238.790297,12.1169193,0.799607074,0.006116793,4907.235456,8.950941295,0.637243587,0.007346991,,0.92289401,0.286842461
BRc_grain_115_3,75,2.445120833,0.061798727,7948.15466,122.9771234,271.8933276,7.043348706,5684.625039,28.27936415,0.8070387,0.006469736,4912.637197,9.851562038,0.418296817,0.011960249,,0.955060259,0.579219131
BRc_grain_115_4,75,2.539644266,0.040884113,8133.52485,70.03975202,281.5756907,4.78179445,5722.508351,14.34750842,0.804334176,0.005435981,4915.791493,8.721643969,0.39743736,0.005233023,,0.981692664,0.171917188
BRc_grain_115_5,75,2.48592424,0.06726058,8017.038228,133.9635667,278.3542493,7.992215969,5704.71469,32.10259002,0.811339151,0.006079644,4922.052617,9.248487966,0.413598697,0.013119692,,0.965198093,-0.118294711
BRc_grain_115_6,75,3.161605033,0.081174825,9151.091275,115.020283,354.5687886,9.34634383,5948.57374,21.87901606,0.813576083,0.006449215,4922.349978,9.433540818,0.322224429,0.007001662,,0.985895019,0.150721302
BRc_grain_115_7,75,5.860062288,0.226614672,12295.19645,196.9639373,666.7852308,24.7764145,6585.442467,36.53481155,0.831565839,0.005342402,4944.676814,7.044428724,0.177317452,0.006309523,,0.99073887,-0.004189233
BRc_grain_116_1,75,2.278838614,0.113556656,7538.46769,217.4074784,239.1933147,12.42556291,5523.185361,55.11533483,0.763334254,0.014255271,4792.746063,24.02373753,0.47801646,0.024191826,,0.92892911,-0.11827188
BRc_grain_116_2,75,2.121840221,0.151690947,7108.437892,267.7699971,212.674833,16.42640892,5362.736318,63.85659009,0.725942056,0.011550446,4761.923187,22.0626988,0.532062465,0.03169873,,0.990680129,-0.049763288
BRc_grain_116_3,75,2.747644043,0.268129109,8116.655183,338.0354323,296.439862,32.78521931,5655.245381,82.12239763,0.759369609,0.013102278,4800.000965,21.43429122,0.426756757,0.027730769,,0.995063759,-0.225891225
BRc_grain_116_4,75,2.442230761,0.142804848,7757.739228,270.322762,262.1756557,16.08201026,5580.492871,67.27453754,0.77432234,0.013157545,4815.514882,21.01204366,0.460114774,0.029679279,,0.979731646,-0.121125184
BRc_grain_116_5,75,2.439360954,0.207878575,7687.999027,374.8934968,251.6861376,23.3935136,5492.755841,94.77477296,0.739238327,0.014785833,4767.067554,27.45474629,0.491648482,0.041100554,,0.992284789,-0.358527993
BRc_grain_116_6,75,2.511898152,0.289782338,7615.002291,414.4084761,264.4621974,32.75763315,5518.286121,94.61323807,0.757754106,0.012203964,4810.813218,20.99938832,0.507282628,0.037707529,,0.996492126,-0.029368954
BRc_grain_116_7,75,2.786344283,0.291659203,8155.478702,341.2649015,291.5425106,32.73526599,5638.976107,73.27775248,0.753781921,0.011592633,4799.002224,20.55727988,0.423024134,0.026354751,,0.997818933,-0.06441785
BRc_grain_116_8,75,1.87347152,0.188791453,6345.828848,391.8592723,188.9943158,21.27873295,5145.577118,142.2688732,0.705301721,0.016930984,4707.888432,33.87710684,0.775332705,0.103124039,,0.997351527,-0.680803586
BRc_grain_116_9,75,2.11035652,0.13530858,7147.031355,224.5646326,222.3760937,17.37311374,5419.356872,57.32674378,0.75037409,0.013764318,4776.49663,24.94674651,0.503994294,0.024953367,,0.988518841,-0.048019915
BRc_grain_116_10,75,2.860096408,0.354214925,8100.455301,407.4622868,293.4535758,36.03136841,5634.562489,91.52741137,0.759946,0.012086864,4814.733258,21.26466056,0.444237445,0.031981087,,0.997454841,-0.098975775
BRc_grain_116_11,75,1.439230279,0.17096848,5405.217273,444.2029627,143.3571815,20.01261391,4768.451625,149.227304,0.665009621,0.016461975,4634.133976,35.18568303,1.136542492,0.140301653,,0.985689131,-0.514161589
BRc_grain_117_1,75,5.447218738,0.116859823,11991.37346,123.9862467,632.470435,13.63499213,6541.324157,22.38870156,0.846594029,0.007206309,4941.148196,8.729881292,0.183852947,0.004286693,,0.959041787,0.088887671
BRc_grain_117_2,75,2.124536564,0.195151573,7043.305142,360.5655893,239.0907203,23.16701351,5436.647762,82.50802958,0.802406596,0.007117056,4901.033156,10.64539809,0.579910489,0.036675948,,0.994390392,-0.134018682
BRc_grain_117_3,75,3.026678421,0.079985285,8932.878866,125.4845829,346.3940675,8.385749736,5932.87294,25.17341231,0.836694626,0.008349962,4921.06393,11.85134252,0.338569288,0.008731676,,0.951594277,0.259535003
BRc_grain_117_4,75,1.478324014,0.110452692,5650.705696,250.9920447,162.035961,12.58949371,5081.9091,66.65170264,0.791356293,0.006757107,4886.990084,10.67034008,0.776162912,0.046560475,,0.994368944,-0.208071174
BRc_grain_117_5,75,2.318469689,0.109990357,7616.131013,193.7097644,256.298563,11.99642032,5619.05401,47.63926972,0.809604623,0.006790432,4913.370343,9.75128941,0.453776497,0.019614089,,0.989998311,-0.113451537
BRc_grain_119_1,75,4.010865537,0.069923284,10376.06403,95.2636607,474.0318326,7.689276842,6252.943017,17.00895086,0.859044417,0.004534545,4971.419122,7.044131982,0.251107943,0.004711023,,0.95239903,0.203896101
BRc_grain_119_2,75,3.990296585,0.060574147,10344.39049,79.14055926,472.6157877,6.598250948,6251.37164,14.3555701,0.86117057,0.003587815,4978.080887,6.724427917,0.252189547,0.004044619,,0.958714443,0.191795092
BRc_grain_119_3,75,3.8474162,0.076020718,10159.90789,104.3093743,451.8782899,8.373445015,6203.257514,18.57461234,0.854292704,0.004071872,4970.731528,5.530444252,0.262255758,0.005480825,,0.978278618,0.248210373
BRc_grain_119_4,75,4.043723063,0.066754437,10409.09767,87.79029698,477.7974349,7.185818142,6261.717351,15.71335923,0.859088853,0.004063962,4967.616545,7.484389548,0.249282052,0.004553626,,0.958632964,0.308010431
BRc_grain_119_5,75,4.060999498,0.076683015,10424.98436,98.65316767,482.479664,8.636006705,6269.897257,18.32677197,0.864004212,0.003681293,4977.404963,6.331058833,0.248925565,0.004940593,,0.972931359,0.153237539
BRc_grain_119_6,75,3.851015634,0.081613102,10157.37809,112.9240584,457.6612522,9.194272889,6217.169493,21.28395765,0.864502021,0.004882192,4975.763134,4.876152899,0.263547454,0.005944878,,0.963770273,0.20759306
BRc_grain_119_7,75,4.129710716,0.080090463,10520.66315,106.0091363,488.2642964,8.945482324,6283.73613,19.65449244,0.858803833,0.004026677,4977.356365,5.673975841,0.245219969,0.005241885,,0.96734042,0.203678769
BRc_grain_119_8,75,4.304319627,0.074147587,10731.94791,90.8904071,513.1664545,8.441030092,6333.367546,16.78727925,0.865579664,0.004295107,4973.887655,7.818519352,0.234303917,0.004265042,,0.958453089,0.196922039
BRc_grain_119_9,75,4.323853621,0.071803929,10768.87273,91.13495378,511.75342,8.050376269,6333.139761,16.64916405,0.860122767,0.004819137,4974.955491,4.841302517,0.232719736,0.004238428,,0.948527552,0.173920191
BRc_grain_119_10,75,4.602353134,0.047476099,11099.70059,54.34690095,543.8436627,5.504757538,6395.491662,10.15102549,0.857932839,0.004884102,4968.239565,7.046771105,0.217700695,0.002285615,,0.843887802,0.309199407
BRc_grain_119_11,75,4.730140726,0.061352588,11247.92936,71.01689856,557.6271676,6.417482377,6421.724882,12.11098388,0.857061472,0.003851922,4973.828276,6.951419013,0.211942789,0.002760802,,0.921634111,0.163426957
BRc_grain_120_1,75,4.354180745,0.071048851,10794.55639,86.51127137,494.6375769,7.742423174,6296.556083,16.06369962,0.824503568,0.004837382,4944.692872,6.762983729,0.23187572,0.003903869,,0.921988932,0.145572684
BRc_grain_120_2,75,4.713765107,0.067115806,11218.56904,75.60597725,533.8127613,6.38502016,6377.461446,12.56381091,0.826998194,0.003714815,4953.448588,4.77779011,0.213257888,0.003107859,,0.92911604,0.268036951
BRc_grain_120_3,75,4.036535529,0.076461473,10406.65039,101.8952504,455.4653664,8.082128943,6211.632281,18.14399312,0.819922713,0.004988955,4933.574691,7.567753741,0.249959921,0.005078628,,0.953017653,0.236934945
BRc_grain_120_4,75,4.079045445,0.093505087,10435.46208,117.7413641,455.4018825,9.622637507,6211.972788,21.86596842,0.814411628,0.003839218,4940.728813,6.328163655,0.248365557,0.005975837,,0.979166335,0.214383583
BRc_grain_120_5,75,4.667078025,0.079288148,11171.74965,93.07892881,529.2325685,8.194950008,6367.722452,16.33089822,0.824637816,0.005452995,4938.422605,7.061970131,0.215015549,0.003958885,,0.94347301,0.266762345
BRc_grain_120_6,75,4.245312071,0.113344436,10642.94782,141.5067498,478.0025468,11.31122774,6256.158953,23.65816485,0.821666734,0.009612406,4907.704378,12.21569934,0.241185021,0.006539082,,0.90803218,0.451539726
BRc_grain_120_7,75,3.641630901,0.068632177,9881.437087,98.20779255,409.3011843,7.005558234,6108.253276,18.38156056,0.818793831,0.005490869,4931.035398,7.876635997,0.276974893,0.005475,,0.943197643,0.251378443
BRc_grain_120_8,75,4.229386672,0.090208632,10641.89388,118.3332245,473.8104542,9.101264296,6250.781042,19.27800712,0.81483154,0.010364962,4907.07309,14.80591542,0.237292054,0.005488102,,0.862099376,0.519779683
BRc_grain_120_9,75,3.59068689,0.061186439,9803.178137,85.22263629,397.864721,6.275149618,6078.606002,16.71947326,0.807648466,0.005774986,4918.642482,9.712507189,0.281304629,0.004757107,,0.948091208,0.187528607
BRc_grain_120_10,75,4.28242509,0.066916001,10709.79813,81.69849023,480.2062264,6.527551567,6269.816467,14.37708709,0.817084641,0.005562483,4933.367661,8.100643062,0.235501804,0.003711751,,0.923948739,0.300235588
BRc_grain_120_11,75,4.71991699,0.236290597,11043.36,202.2942738,531.7731505,27.35008321,6334.13318,34.53227399,0.825543368,0.015242566,4893.578062,18.66165286,0.223472172,0.009218658,,0.991347235,0.477375851
BRc_grain_120_12,75,3.644018697,0.075479201,9882.260891,106.8027642,410.1938656,7.544705561,6111.130543,19.55832534,0.821954508,0.00785646,4923.39868,10.27575691,0.277139486,0.005887081,,0.932030697,0.399031814
BRc_grain_121_1,75,3.666535545,0.085709305,9890.585727,115.509145,414.1372432,8.633239778,6116.933092,21.64523566,0.82294503,0.005175693,4938.298694,7.108928027,0.276420797,0.006483796,,0.981486628,0.224876484
BRc_grain_121_2,75,3.729022665,0.066934765,9991.691215,90.88917323,426.7147458,7.055634775,6146.428222,16.79524339,0.829272635,0.005793073,4942.501663,6.451833377,0.270596465,0.004855849,,0.960595669,0.257172101
BRc_grain_121_3,75,3.972240959,0.063689338,10320.01345,80.30552199,453.8189646,6.686284439,6210.16843,14.2231541,0.828068978,0.004656071,4948.66015,6.334406665,0.253268628,0.003844259,,0.978154779,0.307071739
BRc_grain_121_4,75,3.888323351,0.075571376,10215.17075,103.4680027,445.7826539,8.012768616,6189.900875,17.97566754,0.832019167,0.005765344,4950.233103,6.54407599,0.258837082,0.005360526,,0.960016423,0.254071248
BRc_grain_121_5,75,3.858749989,0.126928337,10108.98734,166.2727819,438.6660728,14.14631789,6160.214008,32.26245957,0.823528141,0.004608531,4939.825938,6.759246222,0.266977753,0.009138346,,0.985500414,0.075253367
BRc_grain_121_6,75,3.882293266,0.103653028,10183.85139,143.6671675,444.0737983,12.54790093,6176.919745,28.5717422,0.825047896,0.00506629,4944.219908,6.919103372,0.262590904,0.007720437,,0.982630049,-0.043513048
BRc_grain_121_7,75,4.384939861,0.104399001,10821.69688,131.6483273,503.9002311,11.32292694,6312.824217,24.15442968,0.832259993,0.004931134,4948.669386,6.541686613,0.23139012,0.006157603,,0.973989578,0.195105185
BRc_grain_121_8,75,4.316929681,0.076126636,10746.30216,92.47373608,499.8214248,8.629840599,6306.224629,17.41911656,0.838505991,0.004867258,4954.833192,6.843071872,0.233094522,0.004308726,,0.973346133,0.143398439
BRc_grain_121_9,75,4.181136582,0.086942563,10570.81823,106.928152,480.7802675,9.436618268,6265.383133,19.47530628,0.833506897,0.004969621,4954.740373,7.363647809,0.241615068,0.005091088,,0.97632387,0.260561464
BRc_grain_122_1,75,7.872438384,0.17071295,14026.68388,125.1182062,903.2373304,18.19642833,6903.958435,20.62791005,0.831939101,0.005026164,4947.021173,7.114441405,0.128548335,0.002761838,,0.957796117,0.266463329
BRc_grain_122_2,75,6.359836512,0.083436801,12851.76015,72.73285392,722.926482,9.008399546,6686.553782,11.74329807,0.822853764,0.005231302,4936.696903,6.99727118,0.157764686,0.002058075,,0.881100301,0.33137017
BRc_grain_122_3,75,5.869072758,0.234261127,12293.43548,244.154534,662.2006961,26.95318841,6569.144824,48.93966348,0.818640481,0.004361224,4942.225613,6.458399103,0.182458763,0.009358364,,0.992591229,-0.352445174
BRc_grain_122_4,75,5.811470459,0.206076071,12281.67758,195.050307,652.595778,23.08944235,6563.377708,35.56496193,0.81404808,0.004329736,4933.811135,6.574693899,0.177552716,0.006056426,,0.986582135,0.086694211
BRc_grain_122_5,75,5.343211161,0.251506725,11739.55488,266.4052942,602.7953686,28.40008718,6462.769922,50.49958357,0.817365279,0.004769798,4936.338525,7.329750061,0.20341046,0.010431797,,0.99273981,-0.092656802
BRc_grain_123_1,75,3.396852356,0.09897717,9488.030316,139.627575,384.0059377,10.92605025,6030.197692,27.77527005,0.819461825,0.005616661,4929.838589,8.129930363,0.301206767,0.008427276,,0.981415402,0.115920643
BRc_grain_123_2,75,3.553892811,0.092474745,9723.854139,128.5266561,398.6099347,10.04435376,6071.102222,24.72023501,0.812965218,0.004852122,4930.329631,7.825480537,0.286521086,0.007597081,,0.986383455,0.205839203
BRc_grain_123_3,75,2.772133627,0.085189633,8518.701869,148.5691513,312.9884285,10.08970445,5819.208788,31.24150652,0.81579613,0.00482761,4933.843033,6.545834285,0.36729961,0.012181188,,0.987491832,0.055191341
BRc_grain_123_4,75,3.019523966,0.113391136,8879.517354,170.6083029,342.2073965,12.78342084,5904.523411,34.81415956,0.823731109,0.004517118,4944.628605,6.914849812,0.340346363,0.012630948,,0.993506553,0.068906952
BRc_grain_123_5,75,2.600217979,0.101219875,8199.702249,174.5516735,291.1338219,11.4404796,5745.193701,37.07215586,0.812025544,0.005139681,4929.520585,7.382265962,0.397183869,0.014308188,,0.990686406,0.066551905
BRc_grain_123_6,75,3.157356658,0.098734722,9120.617097,147.0094325,354.3605128,11.19467897,5946.257299,29.86565216,0.815943014,0.005228832,4935.339557,7.659442277,0.323173589,0.010320201,,0.989399373,0.039882752
BRc_grain_123_7,75,3.306332324,0.157861089,9315.421262,214.408483,376.5975284,19.92355352,5985.785074,43.05907631,0.815884917,0.004726225,4935.525034,7.550323358,0.313394101,0.012909105,,0.99668424,-0.046633886
BRc_grain_123_8,75,3.406808809,0.130955495,9471.422253,168.4139665,383.7544675,14.78676543,6021.571005,33.32447259,0.818366427,0.00459991,4938.447993,7.206106944,0.302778379,0.009939809,,0.995805825,0.040727024
BRc_grain_123_9,75,3.648482129,0.173157344,9771.100221,203.7448271,413.3163372,19.37491987,6087.260707,39.31159921,0.823030747,0.005841549,4934.926938,8.140542047,0.28750676,0.01072216,,0.99449392,0.101312412
BRc_grain_123_10,75,3.6721284,0.106810726,9878.530484,140.5029796,414.5643439,12.25265443,6107.463613,27.74513018,0.819338178,0.005409687,4932.137435,7.558579399,0.279587642,0.007527892,,0.989061052,0.072527361
BRc_grain_123_11,75,3.460421842,0.147147415,9498.274224,172.3290518,389.3262219,16.62281117,6031.851161,36.09808327,0.817500932,0.004337229,4938.117501,6.471846425,0.30016398,0.010422473,,0.996664181,0.029305921
BRc_grain_123_12,75,3.568642402,0.129978994,9731.431717,178.7191888,403.4517653,14.6943091,6072.567127,33.75115647,0.821411577,0.004735749,4941.540945,6.971560411,0.288449655,0.009996847,,0.991430916,-0.001968894
BRc_grain_123_13,75,3.427944893,0.162105037,9485.369758,221.6588843,388.8404713,20.07483134,6017.0392,44.45970232,0.815442976,0.004846618,4931.846662,6.879328736,0.304083781,0.013191166,,0.995829376,-0.054266287
BRc_grain_125_1,75,3.185885324,0.077719524,9201.327333,124.7419892,368.1066854,8.269319594,5994.734922,23.49512474,0.841015582,0.007895628,4935.702388,10.62840791,0.318571552,0.008102459,,0.916598335,0.346388984
BRc_grain_125_2,75,7.726972328,0.163959672,13922.29999,122.0400899,903.8449395,18.46294319,6904.416254,20.92274657,0.850181142,0.006845571,4943.43459,9.905709731,0.131342477,0.002852834,,0.919702248,0.176318995
BRc_grain_125_3,75,7.911124892,0.169872627,14057.25101,120.5461117,917.6098969,17.49189985,6923.879114,19.59626557,0.844929243,0.006426695,4945.523985,8.147549984,0.127875101,0.002742263,,0.947088009,0.344784745
BRc_grain_125_4,75,6.019101949,0.134033343,12536.59209,124.98789,694.1266227,15.35340413,6638.946829,22.50808698,0.836510665,0.005176839,4952.825009,7.136935835,0.168254702,0.003660809,,0.977037471,0.203289181
BRc_grain_125_5,75,8.801952724,0.254559489,14653.05967,173.1962269,1020.559683,27.30670793,7032.149263,29.87160193,0.849938117,0.005242347,4960.963421,7.549399449,0.116319077,0.003602286,,0.980988286,0.117418512
BRc_grain_125_6,75,5.833199249,0.156861569,12326.7128,144.5829335,679.1450399,16.94347063,6611.048335,24.87113199,0.851549556,0.006706964,4950.076712,8.941570613,0.174856827,0.004809374,,0.965541069,0.15654864
BRc_grain_125_7,75,5.797671266,0.156131579,12294.24554,142.6459181,672.1067681,18.4656006,6598.585963,26.60668453,0.84363686,0.004953837,4962.176029,6.647971638,0.17589981,0.004689168,,0.981275919,-0.056043295
BRc_grain_125_8,75,4.581999344,0.521607568,9966.825387,624.6419161,522.2981897,61.3566479,6043.461286,135.5542754,0.808478513,0.009003062,4887.753963,13.65268217,0.386353253,0.045322202,,0.995869963,-0.601011429
BRc_grain_125_9,75,7.51744821,0.316277247,13682.75347,232.3450231,865.2836403,33.88005613,6854.571781,41.2567831,0.846893307,0.005636637,4952.359708,7.730424161,0.140125265,0.005518865,,0.990153276,0.043815604
BRc_grain_125_10,75,8.015964508,0.197799666,14154.95292,146.0154366,930.02639,23.01282453,6936.562511,25.62143817,0.843014486,0.004588664,4959.941474,6.594692695,0.126512298,0.003220538,,0.978569672,0.059189792
BRc_grain_126_1,75,6.061590425,0.325128125,12346.10592,294.093354,702.8576432,38.52695915,6600.137858,55.52851255,0.839464187,0.005002886,4955.222168,6.90980941,0.183645118,0.009549075,,0.991945048,-0.22238363
BRc_grain_126_2,75,6.041964717,0.296985985,12357.12043,280.483818,699.7684483,35.0539429,6601.807008,53.33568272,0.841667488,0.00683832,4944.580525,10.0203344,0.182662029,0.009459493,,0.985621079,-0.147737225
BRc_grain_126_3,75,5.425978161,0.202422772,11901.68507,199.0437499,632.3648546,24.33161646,6524.40134,36.57731107,0.843248381,0.005643028,4956.98597,7.179075185,0.192085666,0.006790873,,0.982316303,0.101093785
BRc_grain_127_1,75,10.77681343,0.245008733,15846.2651,131.9836361,1274.066201,25.29328827,7255.792603,20.44949957,0.867493562,0.005668719,4967.248677,8.192216692,0.094568951,0.00209493,,0.944371969,0.272959492
BRc_grain_127_2,75,9.239514144,0.386915062,14816.6579,250.1143158,1092.573764,45.60893081,7070.765328,43.1631149,0.861030992,0.007226516,4950.092738,11.50425522,0.11616345,0.005200072,,0.981621928,0.175035599
BRc_grain_127_3,75,9.533051058,0.255042328,15109.89634,151.3666423,1133.716417,22.3931802,7139.56914,20.09844662,0.875485737,0.015369469,4902.275909,18.29934748,0.107600589,0.002722719,,0.728282919,0.542494096
BRc_grain_127_4,75,4.919662379,0.255277479,11272.5422,276.9619126,567.1789625,24.90012634,6409.603904,44.07271349,0.865055551,0.02657062,4771.064233,28.91060733,0.222085725,0.011157533,,0.831755836,0.564561945
BRc_grain_127_5,75,9.455862964,0.319111939,15034.54824,207.4989754,1121.585899,36.79372436,7113.696567,35.09199892,0.863704472,0.005906882,4959.86555,8.015633483,0.110482795,0.004106765,,0.979983396,0.184560838
BRc_grain_129_1,75,2.765853912,0.492165094,7665.470682,629.9992041,309.1168541,57.96562669,5530.020005,139.9202866,0.788854718,0.012581443,4837.624067,22.2908262,0.589319727,0.052015934,,0.998594151,-0.259034993
BRc_grain_129_2,75,3.023987383,0.404895206,8385.905381,531.860809,335.8055624,47.17109675,5743.33467,119.5020815,0.797665732,0.008593069,4890.040849,14.0388896,0.463193633,0.040174631,,0.999179359,-0.317391472
BRc_grain_129_3,75,2.471037591,0.198995301,7746.591143,328.7626231,274.5357622,22.82347694,5622.703057,75.09368855,0.806828148,0.010013211,4877.11255,14.20716883,0.471781853,0.029457986,,0.994265607,-0.050136965
BRc_grain_129_4,75,3.359642801,0.301765729,9176.564986,385.2740233,376.3629959,35.25193869,5929.369788,78.31426847,0.809729973,0.005937359,4921.85954,9.695000842,0.348928564,0.021969795,,0.998608073,-0.209871688
BRc_grain_129_5,75,5.532010056,0.768555142,11081.68894,663.5461629,629.061203,89.56538623,6294.634806,126.8772039,0.816666573,0.006880452,4922.141928,10.15645439,0.288775082,0.02703367,,0.997811845,-0.205137739
BRc_grain_129_6,75,3.169164382,0.400918613,8677.809005,495.0310113,354.9286883,46.86504593,5814.528518,104.3153502,0.80386682,0.008062259,4901.556154,12.61761325,0.415472066,0.029812974,,0.998454347,-0.16419788
BRc_grain_129_7,75,5.846983262,0.951126018,11199.39146,699.3421034,652.1443592,105.7946385,6328.620802,129.7631747,0.825942018,0.009307606,4907.088327,13.2454193,0.278127945,0.022771031,,0.998898083,-0.084689945
BRc_grain_129_8,75,3.362805479,0.410207225,8977.067721,457.26626,377.9118494,47.99922103,5916.697036,101.7607355,0.810822404,0.008224696,4900.791604,13.28613755,0.371017953,0.025591783,,0.998866798,-0.193156663
BRc_grain_130_1,75,1.813053016,0.069880621,6623.684133,154.6709643,201.6429409,8.086512682,5383.664902,40.15500877,0.80853726,0.008090209,4896.982454,12.16926668,0.565447939,0.020917114,,0.978023255,0.133576693
BRc_grain_130_2,75,1.601068086,0.0539671,6112.042003,130.0013568,173.9331485,4.895632168,5229.094398,28.2432568,0.79914738,0.011975972,4847.986435,17.89779082,0.637027105,0.02267618,,0.941952969,0.375167391
BRc_grain_130_3,75,4.002423049,0.101674011,10350.42908,129.8169619,468.9074543,11.05914141,6240.918041,23.62148012,0.85303527,0.008021859,4941.904056,10.27245379,0.252642863,0.006452436,,0.953343784,0.271698934
BRc_grain_130_4,75,1.281608175,0.055922993,5232.213765,127.5568283,134.1627587,6.306987513,4950.860374,38.32034896,0.7575868,0.007369928,4835.261101,13.10762951,0.813471963,0.025613836,,0.990098816,-0.08972495
BRc_grain_130_5,75,1.130587468,0.053697753,4824.169453,165.8009868,118.7839175,5.811959716,4827.812626,52.00210635,0.763004656,0.009737476,4828.086915,16.44618211,0.946802129,0.049932543,,0.976933014,0.065455799
BRc_grain_130_6,75,1.214912756,0.068893522,5029.574773,174.0642263,127.1069764,8.006031027,4872.210266,51.46307486,0.754836477,0.009862118,4818.655946,16.54686456,0.872457138,0.042020394,,0.989301659,-0.110329884
BRc_grain_130_7,75,2.302105072,0.070099476,7642.530845,142.9938128,262.4042507,9.150448656,5633.650997,38.31701295,0.822941262,0.006998136,4922.56072,9.869669384,0.451470884,0.015814636,,0.970420774,-0.448274008
BRc_grain_130_8,75,2.177491598,0.140404545,7236.125848,299.4183352,250.7629282,17.18521294,5514.999686,80.16400973,0.826307437,0.012125809,4875.90588,19.07181329,0.5224269,0.037635312,,0.975665002,-0.354280517
BRc_grain_130_9,75,2.506739705,0.086544531,8010.958794,164.3414198,289.1644505,10.57538776,5729.959119,39.53864362,0.837097367,0.011591732,4892.943552,14.82470034,0.418763897,0.016199172,,0.918909544,0.006656991
BRc_grain_131_1,75,1.22083461,0.044411354,5113.086453,131.80796,133.9153064,4.664276608,4962.471108,35.48197602,0.798838147,0.008021234,4889.756052,11.58339371,0.849805267,0.032706363,,0.974009172,0.283417687
BRc_grain_131_2,75,1.585060717,0.058083184,6061.636798,144.0882876,175.879262,6.546780741,5234.612839,38.91785395,0.805999659,0.007961731,4896.457884,12.92922554,0.652641017,0.026874166,,0.980362469,0.025920883
BRc_grain_131_3,75,1.841215865,0.043655774,6705.101161,93.36814896,204.633112,4.914901147,5394.443813,20.16173183,0.80628487,0.006963825,4907.019777,10.37700708,0.55236325,0.011615365,,0.979286564,0.172553094
BRc_grain_131_4,75,2.009989257,0.057519193,7062.447765,116.5507924,225.3532826,6.775883043,5490.935327,27.05695433,0.809639015,0.007395728,4909.567708,10.2255497,0.506820091,0.014010393,,0.985446028,0.270472394
BRc_grain_131_5,75,2.083985336,0.072272469,7193.902715,150.4743894,237.6799553,7.689895884,5540.55955,31.5138441,0.83403256,0.013990683,4883.295875,17.98209245,0.491678497,0.019004213,,0.95283199,0.463603408
BRc_grain_131_6,75,2.899690861,0.144444584,8670.056087,217.9435401,331.9371732,16.81759643,5866.290429,44.72037553,0.831438655,0.008820122,4911.463696,11.62874549,0.360133215,0.015246074,,0.991873696,0.129417397
BRc_grain_131_7,75,2.537526128,0.213629606,7865.721027,325.6766525,285.8432636,24.83278287,5657.361214,69.3277857,0.814323574,0.007278437,4913.87165,11.81820521,0.450866203,0.026204295,,0.997488185,0.002555713
BRc_grain_131_8,75,2.45289097,0.088359708,7921.025137,146.2823554,278.9069458,9.173945326,5704.563653,28.46445284,0.831939024,0.008648846,4916.203133,12.6481037,0.419042039,0.012731857,,0.981936717,0.338265485
BRc_grain_133_1,75,4.103807983,0.101081809,10460.81602,125.8211943,449.8262172,10.77751511,6197.270881,24.38136113,0.795177926,0.004436786,4908.020081,6.843847516,0.248791575,0.00595588,,0.958932108,0.099806173
BRc_grain_133_2,75,3.731827033,0.1307717,9973.670209,187.4386252,411.8892071,14.24434463,6102.269326,36.25701907,0.798783653,0.004605585,4911.712762,7.10158139,0.278440933,0.010106614,,0.982233172,0.166851373
BRc_grain_133_3,75,3.368758388,0.166043658,9362.451335,249.4467664,369.8442984,17.78798265,5973.726129,51.17237397,0.803229541,0.005660864,4911.775682,8.7700903,0.322362742,0.016524638,,0.989625845,0.01877578
BRc_grain_133_4,75,4.298198464,0.157319485,10648.60785,182.135943,474.7853229,16.6582065,6242.514985,34.23330764,0.806619274,0.005720527,4913.005036,9.165332973,0.24153242,0.008452909,,0.984367276,0.169161092
BRc_grain_133_5,75,4.190071608,0.127867016,10593.40326,162.6968769,462.7160636,13.87150584,6222.922878,29.14602257,0.801851518,0.005082219,4912.574436,7.530849759,0.241763911,0.007601037,,0.987272173,0.188661288
BRc_grain_133_6,75,5.050442494,0.131050627,11549.30669,136.2184194,565.3491463,14.63140793,6424.736526,25.05990423,0.811257082,0.004536117,4928.835941,6.685985022,0.201357163,0.005291471,,0.980441857,0.14528027
BRc_grain_133_7,75,5.942342111,0.195446582,12398.6621,175.7969138,658.1977112,19.82580526,6581.716356,31.18055657,0.811185548,0.008206699,4906.105129,12.6357106,0.173976992,0.005541969,,0.957748978,0.263899966
BRc_grain_132_1,75,6.245994008,0.201810607,12691.69516,188.3140371,725.2793965,22.36977314,6670.435298,32.20746154,0.843112953,0.005902207,4949.671572,8.027127013,0.16622225,0.005833035,,0.971207083,0.169792561
BRc_grain_132_2,75,6.89863053,0.270913564,13201.63471,228.393851,806.7089446,29.46462679,6775.571662,38.77723215,0.854262779,0.012120238,4897.858941,11.46659361,0.152706917,0.006374955,,0.940236172,0.286579849
BRc_grain_132_3,75,7.055345933,0.22187009,13358.71801,175.5168638,820.6835538,24.02957727,6801.909865,30.51265041,0.848047497,0.006349806,4947.652513,8.570096483,0.145846072,0.004705962,,0.971657501,0.133892761
BRc_grain_132_4,75,6.693025007,0.235991659,13068.05385,200.6145457,780.4088091,26.42594417,6742.407727,33.54558029,0.848035189,0.005038218,4962.789008,6.402879159,0.154298731,0.005678907,,0.988805825,0.216116013
BRc_grain_132_5,75,7.670699957,0.264583425,13838.74736,202.4122416,888.8815696,28.28414468,6881.087715,33.16328968,0.84968292,0.009240055,4924.836441,12.27820019,0.13457763,0.004999506,,0.97471814,0.316370851
BRc_grain_134_1,75,2.102939527,0.147379106,7117.883122,268.5527848,249.5913713,17.79255161,5544.447987,60.31293749,0.862087402,0.006872457,4944.906576,13.93891481,0.527943391,0.02776766,,0.996386431,0.003987023
BRc_grain_134_2,75,3.3695566,0.130974658,9429.446553,194.9373304,412.7912852,15.28359385,6097.785163,37.96917312,0.890226816,0.011230602,4933.173002,21.34166249,0.307931799,0.01246487,,0.957250162,0.255843299
BRc_grain_134_3,75,4.820876829,0.24574709,11196.03711,286.9128886,594.5866801,29.46208928,6457.060811,54.79572235,0.896664475,0.007383939,4976.357408,9.008701417,0.2267419,0.012454742,,0.991129474,0.216176799
BRc_grain_134_4,75,5.724125435,0.410765674,12067.34652,386.6227319,718.4236635,51.93977885,6624.206503,70.97961832,0.910230324,0.005873076,4973.047991,3.470296203,0.200017709,0.012399395,,0.996731675,-0.002001956
BRc_grain_134_5,75,6.695475803,0.190698023,13119.1313,167.5330427,834.0072194,22.58568523,6823.717308,28.6392809,0.904561863,0.00935691,4940.72346,22.37467146,0.152413457,0.00461443,,0.930087951,0.261027954
BRc_grain_134_6,75,4.727977434,0.128815807,11214.1817,141.8036727,583.7068742,15.78969376,6456.659914,25.21695471,0.894942786,0.010694462,4929.602082,15.90279944,0.214467387,0.005618234,,0.932444396,0.377728599
BRc_grain_134_7,75,7.661163963,0.37479096,13712.41799,290.4400853,968.4161942,46.06748285,6936.414654,51.08089507,0.915075952,0.011328502,4927.039373,27.10154869,0.141093024,0.007461577,,0.950843235,0.074278523
BRc_grain_137_1,75,0.984107003,0.077977048,4212.65271,156.2349804,99.64954857,8.820425519,4587.942875,45.93088285,0.733787079,0.00921834,4780.500613,15.90893159,1.119968705,0.044347179,,0.997281005,-0.03195738
BRc_grain_137_2,75,1.53027398,0.153704079,5732.634177,312.8593823,162.2173338,17.96535006,5069.229077,88.92797457,0.75767498,0.008199201,4832.149207,14.54113689,0.76678979,0.047623861,,0.998781941,-0.57215953
BRc_grain_137_3,75,1.170438688,0.07621889,4877.310555,190.6455409,123.7532521,8.484410567,4834.976258,56.29864749,0.765943673,0.007984342,4846.766561,13.97579191,0.921658478,0.047202368,,0.995940099,-0.233527788
BRc_grain_137_4,75,0.899113982,0.056564477,4022.221341,144.2434029,87.96923778,5.612731359,4509.422381,45.82532067,0.718574217,0.00671519,4765.144298,13.46245736,1.19144258,0.04715693,,0.996861407,-0.304315649
BRc_grain_137_5,75,0.918343906,0.08461982,4031.277678,221.2701286,93.08652394,9.537083078,4502.637377,68.01792596,0.728737966,0.006890476,4785.235885,13.52133697,1.235143116,0.065497048,,0.997824796,-0.454248444
BRc_grain_137_6,75,0.784862939,0.078798296,3494.87978,182.2205097,79.64585403,9.102526921,4334.642778,69.42342959,0.724510167,0.007930771,4776.031811,15.61375304,1.448205531,0.07399726,,0.998755964,-0.571056518
BRc_grain_137_7,75,0.824419324,0.056328389,3789.268128,160.7089985,81.98870808,6.341078021,4412.225826,48.97789092,0.716983561,0.007099046,4763.509511,13.82527275,1.291470729,0.057706582,,0.996871853,-0.353018155
BRc_grain_137_8,75,0.826840277,0.080031887,3753.847312,235.6035355,86.71436003,10.28510103,4417.551054,84.10806657,0.721417123,0.007917715,4768.292649,15.49025818,1.388059122,0.076870638,,0.988096098,-0.332487788
BRc_grain_137_9,75,0.571490502,0.046052444,2773.627327,115.1443706,54.20487469,5.079917429,3971.831977,46.83626851,0.68126821,0.00666038,4688.326619,13.90208129,1.927064351,0.075489036,,0.998659594,-0.489196753
BRc_grain_137_10,75,0.899741838,0.06655856,3991.247103,170.4221624,83.74243396,7.493945285,4410.829411,57.68715931,0.665361313,0.008123503,4652.722338,17.46319833,1.216099732,0.060868961,,0.996944552,-0.523697398
BRc_grain_137_11,75,0.732131557,0.063784513,3423.453288,185.4677399,69.79615633,6.570461425,4243.999362,65.6950148,0.697983288,0.008443513,4719.930158,16.68504103,1.516580426,0.078034724,,0.99726577,-0.550235857
BRc_grain_137_12,75,0.852480602,0.094387302,3725.994471,220.2041659,77.79428353,9.523250713,4296.825761,73.62006376,0.666748438,0.009454535,4651.962767,19.59275423,1.381274356,0.07669675,,0.998522777,-0.55099628
BRc_grain_137_13,75,1.154753482,0.115981847,4705.370749,264.2429365,117.1650541,12.35227352,4757.632716,80.47694208,0.742074161,0.00671086,4810.109737,12.68186647,1.012407721,0.057792369,,0.998322784,-0.507601194
BRc_grain_137_14,75,0.973192401,0.061272584,4258.674913,142.4400993,92.89645528,6.935748255,4541.909806,47.08080827,0.688407614,0.007073703,4703.062061,14.54623003,1.104876503,0.042737807,,0.99814349,-0.548823094
BRc_grain_138_1,75,8.591609087,0.324225045,14437.61848,216.2309311,1019.694432,36.7942808,7009.788954,36.8657923,0.863703161,0.006865846,4947.621371,9.440635407,0.121505221,0.004807506,,0.984938584,0.15509966
BRc_grain_138_2,75,7.166237142,0.417553962,13308.66086,308.149614,848.4622778,48.48197773,6802.380078,54.3745623,0.861257841,0.007466647,4946.257926,11.20258943,0.151407587,0.007998629,,0.995737586,0.172931332
BRc_grain_138_3,75,5.360537519,0.412520861,11527.93378,301.6581915,632.0295867,47.0929595,6478.407062,57.41824568,0.86192469,0.008182201,4937.010803,11.45856506,0.20813739,0.010996361,,0.997114974,0.154838566
BRc_grain_138_4,75,7.014803729,0.446493334,13115.32771,308.0414115,818.9613687,46.97231294,6767.827339,54.20031418,0.862560657,0.00751319,4942.630473,11.49727147,0.156011524,0.00854375,,0.995579789,0.159702826
BRc_grain_138_5,75,9.166671212,0.411129276,14810.76891,253.5948812,1092.162332,48.97506893,7077.042501,43.65060399,0.865850788,0.00657888,4958.079094,7.737569047,0.113627439,0.005145002,,0.99279202,0.086387919
BRc_grain_138_6,75,6.517082443,0.490285254,12666.10464,310.650128,783.6369891,61.45187298,6691.482788,58.65422566,0.855093288,0.008928505,4935.235155,12.21110581,0.16913488,0.008391344,,0.973126289,0.042283304
BRc_grain_138_7,75,11.91192992,0.318221787,16436.80963,166.6413424,1430.082672,36.96987126,7372.760965,28.84426711,0.872350641,0.005625638,4970.960934,9.41177838,0.085376601,0.002550947,,0.978835911,0.202546921
BRc_grain_138_8,75,6.625871738,0.496757316,12665.09584,371.1629493,773.2450021,58.54885671,6661.047649,68.84098691,0.84647408,0.010825601,4912.46096,16.25364754,0.174971323,0.011199878,,0.995224476,-0.014247974
BRc_grain_138_9,75,6.20117558,0.41711169,12391.46869,326.6754634,726.3876882,48.68868312,6621.194697,59.10928751,0.851091249,0.00792468,4936.670699,10.29154207,0.178305623,0.010333844,,0.996256337,0.131942364
BRc_grain_139_1,75,3.099540213,0.082477611,9046.984128,127.4925898,350.6095706,8.85605143,5943.788589,25.51398725,0.825700971,0.006821902,4928.969976,9.564337431,0.330343722,0.008462985,,0.953809398,0.233410935
BRc_grain_139_2,75,2.715180059,0.064584755,8424.153612,111.0526793,304.1238298,7.168819256,5798.446909,23.36372911,0.813355731,0.0039935,4936.413984,6.19365573,0.372041022,0.009473546,,0.982808177,0.106384819
BRc_grain_139_3,75,2.868224198,0.078918665,8691.366071,132.8560565,323.8939841,8.235298132,5860.93173,24.56651729,0.824031675,0.008800404,4910.868966,12.88543604,0.352822933,0.010127857,,0.947391088,0.30094674
BRc_grain_139_4,75,2.990180589,0.113908965,8850.458226,181.2241231,336.9143889,12.57270507,5896.677574,37.49270082,0.823221313,0.005179701,4937.525733,7.465678347,0.348250162,0.012507092,,0.989254403,0.083649356
BRc_grain_139_5,75,3.0701889,0.10763628,9006.660253,174.9970147,346.6083341,12.37061466,5926.633492,36.70342686,0.819629337,0.004276952,4942.687938,6.103748163,0.337720811,0.011743727,,0.989039286,-0.049769894
BRc_grain_139_6,75,3.002998995,0.098428856,8885.331652,163.3173191,340.6400048,10.95284231,5907.483402,33.03581578,0.826449891,0.009136191,4908.185081,11.73952102,0.34553168,0.0118252,,0.951104086,0.263445108
BRc_grain_139_7,75,3.249429768,0.088068681,9314.013161,137.7837431,368.7274,10.47024144,5993.42441,27.94406714,0.821037707,0.004487985,4939.392012,6.530683674,0.31037654,0.008768198,,0.986894171,0.028574522
BRc_grain_139_8,75,3.428518393,0.122264897,9527.686682,176.8862581,385.2981455,14.12493111,6024.606282,35.11738418,0.816311789,0.00433584,4938.906763,6.179135523,0.301097058,0.010805223,,0.992025106,-0.09176596
BRc_grain_139_9,75,3.25045633,0.083330085,9283.133884,122.9739386,369.2421268,9.153140488,5994.116907,24.03508563,0.82535563,0.004635042,4945.68815,7.148086495,0.313311997,0.00784056,,0.979761356,0.283805713
BRc_grain_140_1,75,2.935876837,0.044372245,8825.581368,74.77138322,345.4044007,5.681325041,5934.474795,16.31282453,0.852752613,0.006144006,4951.287577,10.0365733,0.341649738,0.005220503,,0.898519533,0.005464163
BRc_grain_140_2,75,2.377048079,0.040880342,7827.136175,79.17315994,273.3500338,4.748954084,5694.892434,17.90969896,0.835865029,0.007011096,4931.811634,9.082950352,0.424754513,0.007709303,,0.885285307,0.163472851
BRc_grain_140_3,75,2.86706562,0.043332615,8703.546309,72.00100101,337.5615723,4.826212848,5910.484904,14.28382249,0.856244928,0.006957367,4946.342223,9.956121536,0.351053763,0.005299038,,0.837764106,0.344111617
BRc_grain_140_4,75,2.423627839,0.067655485,7905.649341,122.734262,284.2176522,7.714696624,5734.324392,27.47451906,0.853326027,0.007282271,4945.823583,8.867926999,0.419314518,0.011838599,,0.954925834,0.186672449
BRc_grain_140_5,75,2.795030356,0.077876423,8561.623106,137.0397039,330.6648365,9.024873468,5881.658331,28.94981165,0.858991332,0.006375485,4955.923222,10.71805823,0.367102884,0.010775696,,0.960770899,0.140301791
BRc_grain_140_6,75,2.231806429,0.060906753,7521.112369,116.4664657,261.0621018,7.290799532,5644.256826,27.70091043,0.850905904,0.006429715,4949.257742,8.863337887,0.457263335,0.011541624,,0.960656224,0.004481483
BRc_grain_140_7,75,2.676790437,0.074222046,8342.769207,132.4964254,313.3695495,8.72990741,5823.779663,28.92187778,0.849998495,0.006149084,4951.812605,9.814507909,0.382909849,0.010999313,,0.964133538,0.01770227
BRc_grain_140_8,75,2.225382046,0.043003713,7527.32916,86.37761014,254.4029225,4.636283472,5621.862841,18.30411946,0.832559969,0.008555054,4918.899896,12.08034737,0.451945558,0.009731106,,0.904316872,0.38451365
BRc_grain_140_9,75,2.403945522,0.071232143,7858.68074,144.0407439,279.0167492,8.380661534,5710.862239,34.10371863,0.842917539,0.005772899,4951.67857,8.054454537,0.428812582,0.014966998,,0.979279604,-0.086451919
BRc_grain_140_10,75,2.825018964,0.086144708,8585.307447,147.537049,333.4580587,10.09197294,5883.655378,31.76835813,0.857588015,0.005841713,4959.071146,8.031396481,0.366908536,0.011883039,,0.97311936,-0.037230227
BRc_grain_140_11,75,2.819450776,0.090410251,8591.861876,154.3060759,331.3314685,10.47091684,5880.909868,32.13737792,0.855435713,0.005709973,4960.768472,7.492283058,0.365582477,0.01185759,,0.980827649,0.09777842
BRc_grain_140_12,75,2.986515717,0.0597381,8898.880992,99.52582406,352.5750128,6.053791923,5952.733533,17.43200188,0.856497723,0.007523376,4943.251505,10.94293483,0.338921499,0.007069302,,0.888867253,0.500169315
BRc_grain_140_13,75,2.611743372,0.089858324,8206.581921,154.9730683,306.2380087,10.43053564,5794.954137,32.97343138,0.85338481,0.006793258,4948.871304,8.754700287,0.398525718,0.01273845,,0.975283376,0.174750534
BRc_grain_141_1,75,3.791436941,0.090282256,10057.16747,121.6765221,438.8902744,10.0496789,6170.109602,23.28632161,0.84333276,0.008569372,4920.142096,12.66109758,0.269155301,0.006467752,,0.90972203,0.215269166
BRc_grain_141_2,75,3.066143803,0.081346986,8992.735634,130.9698995,356.1527277,10.27634074,5952.209765,29.99974293,0.843016151,0.004424696,4962.914748,5.654480107,0.334976822,0.009442039,,0.979913573,-0.204776053
BRc_grain_141_3,75,7.110248534,0.159984064,13445.54739,127.8636039,834.09307,15.14663587,6824.549725,18.83086307,0.858779994,0.013064679,4899.970647,22.46588819,0.143209524,0.00328519,,0.73555595,0.519916752
BRc_grain_141_4,75,7.521901654,0.146706883,13775.75703,112.3143712,886.8437761,15.80764755,6887.036004,18.36148035,0.858276302,0.005670004,4959.898585,8.514351054,0.134365927,0.002624938,,0.938213883,0.32494307
BRc_grain_141_5,75,5.005988869,0.103635468,11532.64179,117.0924861,586.161306,11.34112325,6465.89826,20.30286984,0.852295582,0.004890133,4957.461786,9.506339143,0.202576799,0.00459851,,0.959407417,0.219941479
BRc_grain_142_1,75,2.66147656,0.078700373,8309.160371,140.9035683,308.0454867,7.693345654,5809.451426,25.85599894,0.850166327,0.014991749,4865.249954,20.58747549,0.38860905,0.012197707,,0.809320481,0.522098285
BRc_grain_142_2,75,2.81688745,0.128636444,8527.122982,212.5947739,314.2430778,12.92243439,5821.101578,41.75081257,0.826707369,0.016974995,4828.125559,22.22502511,0.379592732,0.015915365,,0.873085985,0.342840348
BRc_grain_142_3,75,2.91390577,0.090213915,8730.983631,149.9579335,337.6599492,10.20069041,5896.492673,31.56738249,0.843347206,0.009844475,4923.042031,11.33571117,0.355826685,0.01140415,,0.91756578,0.115812454
BRc_grain_142_4,75,2.771227023,0.087737437,8490.920182,150.4810692,318.4516114,9.799616037,5837.292205,31.18480529,0.837671234,0.008677918,4923.858304,12.41098316,0.374608819,0.012163251,,0.950786453,0.236444058
BRc_grain_142_5,75,3.095197621,0.112985154,8995.397815,178.3521572,358.8584763,13.06876937,5950.86159,37.05701072,0.843078787,0.008228906,4927.506818,10.42953527,0.339666626,0.012634834,,0.95308957,0.095307525
BRc_grain_142_6,75,2.292926848,0.125420726,7547.78394,233.6175291,250.3460055,13.65484957,5572.650889,52.86216531,0.800277554,0.016233333,4795.111462,20.82773515,0.476949364,0.022104805,,0.929352116,0.164349699
BRc_grain_142_7,75,3.105771101,0.10184345,9028.645112,162.3254685,359.2055943,10.90716038,5962.658047,31.55717678,0.845051038,0.012690601,4883.610413,17.81124726,0.335358678,0.01168005,,0.903341562,0.39017054
BRc_grain_142_8,75,4.786128872,0.078802149,11304.91551,89.7742999,560.8334349,7.833833588,6424.956289,13.93548465,0.852634289,0.007308048,4938.173056,12.83278125,0.209333474,0.003503238,,0.86805843,0.45232559
BRc_grain_142_9,75,4.511464477,0.16036492,10901.08554,186.7332367,528.855296,18.77761313,6355.779433,38.62650166,0.84945889,0.008432939,4929.541061,8.426722446,0.228471423,0.00909308,,0.979785906,0.060349106
BRc_grain_142_10,75,2.848200204,0.082232915,8631.538271,138.0542119,333.7156946,9.462385108,5887.3406,28.79435539,0.847527336,0.006631236,4945.109401,10.41001853,0.361683158,0.010570906,,0.960546736,0.154412813
BRc_grain_142_11,75,3.723477021,0.139502763,9921.923953,194.9201503,441.4284385,16.58680841,6159.102485,38.055052,0.854073474,0.006985507,4948.362156,9.550080713,0.282016768,0.010833444,,0.970602788,0.144653172
BRc_grain_142_12,75,2.699934262,0.071458565,8388.034596,125.6584057,314.9183753,7.640890849,5835.292298,25.42124468,0.849346867,0.007300075,4946.164016,9.130694727,0.379818381,0.010423698,,0.937697513,0.274437696
BRc_grain_142_13,75,2.653438179,0.056296181,8334.867054,102.5580064,308.1774635,6.222086916,5816.54067,21.07005398,0.841397496,0.004501127,4958.340224,5.641692015,0.381894832,0.008510364,,0.961576565,0.184846229
BRc_grain_142_14,75,2.536463888,0.087903942,8068.609987,158.5053727,287.4132665,10.25432183,5727.955297,35.38801337,0.819666106,0.007933023,4913.911308,11.52466777,0.411317937,0.013988599,,0.960566677,0.044789758
BRc_grain_142_15,75,3.049434895,0.109399974,8928.291518,172.3749244,357.8377352,12.68893754,5949.695861,35.58617141,0.850946809,0.010197103,4917.1263,10.65610404,0.343229923,0.0120652,,0.944109629,0.180501114
BRc_grain_142_16,75,2.658099761,0.07133902,8313.809975,126.8854625,309.261255,7.69385243,5813.759527,25.39360594,0.843857884,0.007278805,4933.815232,9.499166701,0.38607693,0.010694301,,0.950719948,0.334011831
BRc_grain_142_17,75,2.650151971,0.075066959,8295.711082,131.5776647,306.7889463,8.852435545,5801.773866,29.13013133,0.836608328,0.008033233,4933.448772,10.68478179,0.387947316,0.010866742,,0.93137182,0.018331495
BRc_grain_142_18,75,2.879359898,0.091542136,8670.516965,153.8044556,338.3146311,10.03373213,5899.118405,30.95538975,0.854093723,0.011438969,4905.172984,13.16003831,0.360587118,0.011929316,,0.903923167,0.274981015
BRc_grain_142_19,75,2.872734544,0.090933665,8660.046135,153.2340382,338.0091827,10.35972545,5897.17943,31.7956142,0.851225951,0.005004751,4962.967532,6.161343642,0.361325416,0.011909768,,0.979094321,0.109105401
BRc_grain_144_1,75,3.166012021,0.072972571,9174.244423,116.6585791,353.3266852,7.951582438,5953.290799,23.38474908,0.806804192,0.004682872,4921.544505,7.029897676,0.321013036,0.007712877,,0.96051025,0.132214218
BRc_grain_144_2,75,3.272963761,0.084580913,9349.470999,135.8322451,364.1010669,9.052525825,5982.611708,25.65966475,0.805966384,0.004447508,4923.988299,7.319188421,0.310990119,0.008405708,,0.979034397,0.245294136
BRc_grain_144_3,75,3.227985265,0.079896642,9264.482008,125.6411664,359.2215121,8.654293547,5968.914981,25.08906889,0.807682376,0.004207359,4927.836138,6.827365551,0.316038411,0.008143129,,0.975778875,0.132789208
BRc_grain_144_4,75,3.006075777,0.066891943,8925.473284,110.8549943,332.062608,6.872709567,5891.939147,21.58480734,0.804528547,0.004264968,4922.001851,6.656041734,0.33782201,0.00779332,,0.970877129,0.153848608
BRc_grain_144_5,75,2.849967121,0.091629123,8623.605892,149.7561326,313.945339,10.09289809,5826.20923,31.73742395,0.799684629,0.005596723,4903.987434,8.069357458,0.36259207,0.011401117,,0.978117778,0.200862186
BRc_grain_144_6,75,2.768378604,0.076767907,8520.513585,131.0061524,302.3465263,8.026469863,5793.91073,26.47828873,0.796252781,0.00530441,4904.63489,8.670873625,0.36738529,0.010272329,,0.973354491,0.160571937
BRc_grain_144_7,75,2.529490834,0.073237454,8077.394469,134.0833269,275.1987782,7.712159192,5695.908098,29.07952919,0.793934725,0.006085812,4899.717082,10.12563175,0.407681278,0.011953473,,0.958330508,0.113038511
BRc_grain_144_8,75,2.788227342,0.061525964,8565.641044,107.4243517,306.2678954,6.466509694,5809.961021,22.07768003,0.797782515,0.005280345,4907.108761,8.444456191,0.364154646,0.008323946,,0.952768061,0.157199144
BRc_grain_144_9,75,3.092976564,0.083652197,9050.21589,135.5060167,344.5805249,8.990972756,5922.215725,26.37380655,0.809731875,0.004128044,4931.604629,6.653246319,0.33018729,0.0093881,,0.981703982,0.175099895
BRc_grain_144_10,75,3.076641996,0.079993986,9031.331626,128.3039826,340.702846,9.079870925,5914.711519,26.97363665,0.803975308,0.005163768,4917.094549,7.570417242,0.330529813,0.008685584,,0.979317343,-0.064414514
BRc_grain_144_11,75,3.004467799,0.072307527,8904.505295,115.6986425,334.0720558,7.714089285,5893.800959,23.11763284,0.807752655,0.004966441,4925.152973,7.847313831,0.33779427,0.008468062,,0.969169059,0.162525801
BRc_grain_144_12,75,3.212598719,0.086033449,9220.101611,131.0312294,356.7055792,8.6261881,5965.015892,26.09636093,0.812372071,0.004837339,4930.971503,6.3246668,0.318414162,0.008723547,,0.975240227,0.154902261
BRc_grain_144_13,75,3.076330067,0.08735022,9020.097851,142.1051539,342.9129634,9.512440731,5915.54495,28.16802136,0.810595588,0.004723135,4925.921927,7.493672303,0.33285075,0.00996092,,0.977027435,0.095082368
BRc_grain_144_14,75,2.916897587,0.070482511,8778.480198,118.0547408,322.8696583,7.57058227,5862.440732,24.08148141,0.803667597,0.004330578,4924.606556,6.827770362,0.347834567,0.008505878,,0.977263169,0.132773714
BRc_grain_144_15,75,2.993808366,0.084226897,8872.639245,135.9108418,331.9668275,9.073785406,5883.295682,27.52938084,0.804777197,0.003778147,4924.912814,6.31108586,0.341629368,0.010243975,,0.987018144,0.144108653
BRc_grain_144_16,75,2.829481915,0.077095891,8621.381952,131.2702652,312.8268043,8.499286664,5823.52521,27.07657375,0.801965603,0.004175076,4918.040469,6.799553788,0.361913601,0.009824414,,0.977951998,-0.003718407
BRc_grain_144_17,75,3.067074142,0.068882313,9008.707396,109.7632203,340.6663045,7.042023622,5917.935746,21.83213429,0.809069047,0.005076831,4921.375245,7.414809289,0.33197718,0.007628669,,0.955521152,0.187246286
BRc_grain_144_18,75,2.622525886,0.062246768,8262.43871,109.1583079,285.3971505,6.253852667,5738.223549,22.64270549,0.792751725,0.004034332,4906.612213,7.150712248,0.387745489,0.009112228,,0.975598969,0.159066533
BRc_grain_145_1,75,2.972250956,0.085627458,8839.022402,132.2714176,347.3654284,10.7077495,5927.592219,28.24962509,0.846273048,0.005057837,4960.746012,6.434277938,0.343477197,0.009712286,,0.990746203,0.143817249
BRc_grain_145_2,75,2.946577319,0.045865188,8843.744864,77.51003727,343.2793433,4.854128186,5927.506924,14.32310908,0.849370932,0.004797669,4966.511179,6.469895872,0.341273031,0.00568002,,0.943233932,0.271859689
BRc_grain_145_3,75,2.82058387,0.061053272,8625.452762,107.1785584,327.2746947,6.817043029,5874.799257,20.9569665,0.845650604,0.004364926,4961.946035,5.593540329,0.357910052,0.008550128,,0.981394393,0.20783293
BRc_grain_145_4,75,2.753852169,0.053707992,8502.480012,91.78433127,319.6387203,6.22362623,5852.027901,19.38668428,0.844462589,0.003809696,4967.635243,5.381804893,0.366690314,0.007499774,,0.974170561,0.081417733
BRc_grain_145_5,75,2.669890036,0.052710045,8394.883405,101.5686687,310.0774518,6.002385508,5824.045717,19.98398792,0.84480098,0.004171862,4967.59625,4.938418379,0.377632275,0.007969732,,0.957459814,0.114286909
BRc_grain_145_6,75,3.420148371,0.038420807,9571.340322,55.85430713,398.012777,4.25006709,6078.944142,10.83587092,0.846658764,0.004443307,4965.608203,5.557721071,0.293373388,0.00338924,,0.903423895,0.244910964
BRc_grain_145_7,75,3.207979115,0.071456639,9228.257492,109.6397662,372.2499846,7.717052357,6007.857341,21.77667945,0.847992758,0.004529931,4963.670769,6.258776191,0.316874888,0.007337393,,0.968623025,0.171065218
BRc_grain_145_8,75,2.795274063,0.052705519,8574.887995,88.41065484,321.9320762,5.548086942,5862.84478,17.61467609,0.84118407,0.005464079,4957.74629,7.335682005,0.361772361,0.006792831,,0.94061642,0.28993325
BRc_grain_145_9,75,4.103358027,0.061020669,10489.75434,76.62742918,475.6901657,5.878448234,6258.816016,12.53276363,0.846677373,0.004959954,4960.518044,6.879564919,0.245746215,0.003619633,,0.918280188,0.370505636
BRc_grain_145_10,75,2.880365394,0.06724178,8718.797321,114.7441384,333.6657207,7.364509048,5893.274855,22.37782577,0.844363244,0.005456198,4947.172514,8.620276851,0.352632249,0.008656848,,0.965804234,0.201961472
BRc_grain_145_11,75,2.796573718,0.03872783,8587.386284,66.20619421,323.8839771,3.857889601,5869.735584,12.05890103,0.843359544,0.004276547,4963.75913,5.671390957,0.359648608,0.005247925,,0.935659748,0.407926763
BRc_grain_145_12,75,4.276109244,0.058570802,10715.78737,69.95986592,500.777323,6.512900222,6310.584457,13.18053843,0.851903048,0.004793079,4959.969914,6.408386691,0.234690433,0.003266209,,0.906845385,0.352409043
BRc_grain_145_13,75,3.437447747,0.068243115,9577.815397,96.81453014,401.2029992,7.339992538,6083.040367,18.07915275,0.850365457,0.004202214,4966.240121,6.611473131,0.29375846,0.005826837,,0.967736186,0.291759288
BRc_grain_145_14,75,2.969776162,0.051457908,8867.125479,84.10951535,343.3328042,5.640945271,5926.322787,16.65694439,0.842165022,0.004145872,4960.669181,5.871249684,0.340687077,0.006057436,,0.9614035,0.189342479
BRc_grain_145_15,75,4.237480809,0.063384194,10656.29696,78.43683709,495.5457274,6.889174282,6301.393996,14.48816911,0.851544328,0.004115272,4968.229944,6.095959011,0.23760942,0.003716562,,0.946584794,0.215002186
BRc_grain_145_16,75,4.466040666,0.086742284,10945.25239,108.9369771,521.2430761,9.705380859,6350.110685,19.59895609,0.850390347,0.004863637,4964.861254,8.119854328,0.225764999,0.004755268,,0.962412945,0.139854028
BRc_grain_145_17,75,3.009661547,0.084489309,8916.857266,136.9856473,348.6517491,9.25893359,5944.409784,28.4759907,0.84593236,0.005002502,4964.800965,6.192653402,0.338389568,0.009751384,,0.981357054,0.219718564
BRc_grain_145_18,75,3.541273784,0.073280037,9723.076694,104.0574984,413.3335601,8.138583922,6112.023003,19.87717202,0.848959567,0.004657516,4966.946788,6.595114911,0.286532964,0.005947536,,0.957111555,0.201372655
BRc_grain_145_19,75,4.682075201,0.087674214,11171.03953,98.10942815,548.7039762,9.463879995,6400.886006,17.1934604,0.85272513,0.004179285,4968.949467,7.280927414,0.215984339,0.003929595,,0.967057768,0.351337093
BRc_grain_145_20,75,4.361261425,0.078215707,10822.36008,100.8325035,509.7055446,8.891655018,6325.863912,17.81401003,0.849124379,0.006070164,4951.756386,8.130536952,0.229889664,0.004471229,,0.926978241,0.234533428
BRc_grain_145_21,75,3.29111164,0.0836025,9374.025078,132.3654641,382.0331836,9.41942137,6034.434508,26.19144085,0.846009826,0.004972166,4962.066757,6.966167363,0.30941746,0.008284264,,0.973946847,0.19094053
BRc_grain_145_22,75,3.364158798,0.064691437,9471.258247,96.47168728,388.1408721,6.516295107,6052.370856,17.71781319,0.842400731,0.004775207,4953.730484,7.282565722,0.301064111,0.005990374,,0.952084731,0.380873636
BRc_grain_145_23,75,3.522521516,0.087797138,9682.400744,124.9288284,407.2623376,9.385548498,6097.233108,24.04823781,0.844662075,0.005144484,4954.071919,7.574746608,0.289391891,0.007427248,,0.967798401,0.194067115
BRc_grain_145_24,75,3.782136922,0.076220967,10056.68034,103.6101126,439.7232832,8.420956114,6177.499485,19.90890373,0.847374033,0.004064707,4968.870905,5.482869736,0.267573628,0.005655116,,0.960108389,0.15202324