Grain,Fe,Fe_se,O,O_se,Ti,Ti_se,Al,Al_se,Ba,Ba_se,Cr,Cr_se,Mn,Mn_se,P,P_se,Si,Si_se,V,V_se,Ca,Ca_se,Nb,Nb_se,W,W_se,K,K_se,Ni,Ni_se,S,S_se,Phase_Class,Cl,Cl_se,Mg,Mg_se,Zn,Zn_se,Sr,Sr_se
BRc_grain_04,0.2778172497114423,0.0101966269299151,0.630183431798981,0.0131571328486002,0.0919993184895767,0.004191507517804,,,,,,,,,,,,,,,,,,,,,,,,,,,titanohematite,,,,,,,,
BRc_grain_09,0.2949920155497441,0.0071637305291789,0.6285989902301523,0.0067096022593322,0.0764089942201036,0.0034847676405333,,,,,,,,,,,,,,,,,,,,,,,,,,,titanohematite,,,,,,,,
BRc_grain_16,0.3598206408035861,0.0067399228126902,0.6129412006583232,0.006624298485098,0.0272381585380906,0.0012940996823124,,,,,,,,,,,,,,,,,,,,,,,,,,,titanohematite,,,,,,,,
BRc_grain_28,0.3725907258936548,0.0059290959792327,0.6072489755164927,0.0058153442172682,0.0201602985898524,0.0011447694744705,,,,,,,,,,,,,,,,,,,,,,,,,,,titanohematite,,,,,,,,
BRc_grain_40,0.3327694688621267,0.006481121946631,0.655488004374134,0.0063098257275496,0.0117425267637392,0.0008901119410037,,,,,,,,,,,,,,,,,,,,,,,,,,,titanohematite,,,,,,,,
BRc_grain_46,0.28555118355833603,1.7150910754125508e-05,0.6270496850890016,2.0912536538202853e-05,0.07398983769934332,6.261974510591466e-06,0.004985389756320217,4.001018784452526e-06,,,,,0.006021313796055748,2.8780551278698965e-06,,,0.002402590100943124,3.7928527645258134e-06,,,,,,,,,,,,,,,titanohematite,,,,,,,,
BRc_grain_49,0.2744662006581553,1.8190099586358867e-05,0.5902723069738501,2.466672421323659e-05,0.11309893799004982,9.067889411112072e-06,0.005290195758859215,4.255111796648767e-06,,,,,0.013868064880699645,4.2748213683439815e-06,,,0.0030042937383859777,4.238440651432093e-06,,,,,,,,,,,,,,,titanohematite,,,,,,,,
BRc_grain_59,0.2678741483097726,1.6683939930161338e-05,0.6194257002413486,2.1709470495150427e-05,0.09112081657193744,7.672835749258606e-06,0.010460160104899143,6.0170313180429146e-06,,,,,0.005408729425839083,2.9464679605539315e-06,,,0.005710445346203254,3.7948710475360414e-06,,,,,,,,,,,,,,,titanohematite,,,,,,,,
BRc_grain_61,0.26497924505918335,1.764585707583952e-05,0.6176862591661565,2.333978374851848e-05,0.10121460368927337,8.438171509747176e-06,0.010174773237543754,4.177469810503753e-06,,,,,0.003333783069541077,2.999606154566467e-06,,,0.0026113357783019357,4.019234507359319e-06,,,,,,,,,,,,,,,titanohematite,,,,,,,,
BRc_grain_62,0.25790834440385657,1.689061998865315e-05,0.623376653570983,2.281404540667825e-05,0.09844821374691821,8.27689008642276e-06,0.008534958679107507,3.973626760746394e-06,,,,,0.00532089799290263,2.8769492033650494e-06,,,0.0064109316062319665,3.8035987584136407e-06,,,,,,,,,,,,,,,titanohematite,,,,,,,,
BRc_grain_65,0.2798874685700375,1.8203181778795184e-05,0.5956427037157908,2.3950952061629586e-05,0.10578034451524396,8.756598979335068e-06,0.006124927966536472,4.37142418955355e-06,,,,,0.0053215293915556214,3.205607904556167e-06,,,0.007243025840835685,4.109197397280718e-06,,,,,,,,,,,,,,,titanohematite,,,,,,,,
BRc_grain_67,0.31273664756638875,1.8512253701486605e-05,0.6028542675222207,2.225549924304437e-05,0.06719727015956808,6.622133806517447e-06,0.011197506731833553,6.374924492693528e-06,,,,,0.003577011932967501,3.1186255320331533e-06,,,0.0024372960870214094,4.002873942808692e-06,,,,,,,,,,,,,,,titanohematite,,,,,,,,
BRc_grain_69,0.3290269784188489,1.821057674069558e-05,0.6000257844963581,2.0951750829072083e-05,0.039806393741086896,4.9596367373684946e-06,0.022691912117867072,6.017817597405378e-06,,,,,,,,,0.002103961237636845,4.075378202272154e-06,0.006344969988202107,3.3739469732672423e-06,,,,,,,,,,,,,titanohematite,,,,,,,,
BRc_grain_71,0.26075492630948677,1.765061651470469e-05,0.6239877408198483,2.3784754755163412e-05,0.09998887526109389,8.758804643613832e-06,0.006577723016222743,3.997139046862484e-06,,,,,,,,,0.005266849958219641,3.878992041915325e-06,0.0034238846351287056,3.1689520672754254e-06,,,,,,,,,,,,,titanohematite,,,,,,,,
BRc_grain_72,0.31645674380118277,1.753664769401677e-05,0.6104210320719583,2.0418386901004663e-05,0.059673551656645486,6.161246574343129e-06,0.006670811741558213,4.202408263937385e-06,,,,,0.004166603315888059,3.007630733886134e-06,,,0.0026112574127670892,3.997885672638526e-06,,,,,,,,,,,,,,,titanohematite,,,,,,,,
BRc_grain_74,0.2716910592287701,1.8314959923662816e-05,0.6169619546977181,2.385313432932883e-05,0.07621086958016848,7.848884439386366e-06,0.007611041753381367,4.177503734339321e-06,0.000887501904631702,4.392922134166196e-06,,,0.006075521638136256,3.0365803322611107e-06,,,0.017011678829596217,4.118059424940409e-06,0.0035503723675978462,3.2995835471558145e-06,,,,,,,,,,,,,titanohematite,,,,,,,,
BRc_grain_75,0.269342155018084,1.7078512672702974e-05,0.6209366476841719,2.1988134949285738e-05,0.07619494449377928,6.720087683014075e-06,0.007538971153197127,4.082072251640222e-06,,,,,0.006022705572450359,3.006722136472476e-06,,,0.01674162193129323,4.04554068125848e-06,0.0032229541470240822,3.2553121690977446e-06,,,,,,,,,,,,,titanohematite,,,,,,,,
BRc_grain_76,0.3155405339334359,1.7940158227636808e-05,0.6087544332764139,2.1105772288609635e-05,0.05218296904813252,5.9261482431228245e-06,0.01614821623634354,5.895061275077418e-06,,,,,0.002514668269492216,2.9464768201656456e-06,,,0.0009660301055044626,3.896028511088602e-06,0.0038931491306774153,3.2193762365706523e-06,,,,,,,,,,,,,titanohematite,,,,,,,,
BRc_grain_77,0.30973220553524894,1.763366426507899e-05,0.6242550267279584,2.0076662602162407e-05,0.05616581507366745,6.038280223006007e-06,0.007802084114420325,3.899161212958102e-06,,,,,0.0009016032968609554,2.9354845724177016e-06,,,0.0011432652518439113,3.832894808318946e-06,,,,,,,,,,,,,,,titanohematite,,,,,,,,
BRc_grain_80,0.36044690783192784,1.8565227548576894e-05,0.581539435181921,2.088990526839736e-05,0.03319415240202744,5.105549741549179e-06,0.00897906633003536,4.477477212371988e-06,,,,,0.003939325215547452,3.2146335077133667e-06,,,0.009915287591389411,4.341607752483436e-06,0.001985825447151539,3.5884628210254145e-06,,,,,,,,,,,,,titanohematite,,,,,,,,
BRc_grain_85,0.3643742627502289,1.830698852441679e-05,0.5832776500992474,2.0456438515511113e-05,0.0304254303613531,3.9119092415764234e-06,0.008399993131861568,4.507598236317524e-06,,,,,0.005930807980077958,3.323469064571466e-06,,,0.0075918556772311034,4.315571419919893e-06,,,,,,,,,,,,,,,titanohematite,,,,,,,,
BRc_grain_88,0.37913996543208595,1.7778985385824777e-05,0.5983809475820696,1.872631102584775e-05,0.010439614074020729,3.6209826782057826e-06,0.005169334396417524,4.29181254287803e-06,,,,,,,,,0.006870138515406277,4.10378621469889e-06,,,,,,,,,,,,,,,titanohematite,,,,,,,,
BRc_grain_94,0.33387311590273655,1.698405883055015e-05,0.6074061545231338,1.9198501048414823e-05,0.03068650178140074,4.7349762021188974e-06,0.011644864486211316,6.137951383579417e-06,,,,,0.002185267991017791,3.1262624006115265e-06,,,0.01293528692517619,4.0013583663069346e-06,0.0012688083903234452,2.1662041940720997e-06,,,,,,,,,,,,,titanohematite,,,,,,,,
BRc_grain_99,0.3198439691179457,1.8355440354811754e-05,0.6047261624574052,2.2132465888428806e-05,0.056401822936329796,6.389879206706517e-06,0.008930697501212767,6.254820788014114e-06,,,,,0.005382345496128273,3.0644972660822224e-06,,,0.0012998003447639882,4.016344265900003e-06,0.003415202146214307,3.351144108801225e-06,,,,,,,,,,,,,titanohematite,,,,,,,,
BRc_grain_100,0.28715159234207527,1.7387876673254615e-05,0.6175350598593272,2.2014619451233865e-05,0.07760537478401812,6.695439118479681e-06,0.007934565828378013,4.060233232293561e-06,,,,,0.002215543606269859,2.9665342030012214e-06,,,0.00498205202404638,3.7721355133477627e-06,0.0025758115558850744,3.210523364115418e-06,,,,,,,,,,,,,titanohematite,,,,,,,,
BRc_grain_103,0.3253631686429129,1.8716534253545532e-05,0.6105997944426771,2.171163818232008e-05,0.050615126044354794,5.18673969655636e-06,0.00784420950291853,6.0516927181590085e-06,,,,,,,,,0.0018308685272303675,3.849719367257512e-06,0.003746832839906322,3.337280214414274e-06,,,,,,,,,,,,,titanohematite,,,,,,,,
BRc_grain_104,0.3610063664305047,1.763414264726719e-05,0.5881884823833619,1.930420972982905e-05,0.015249779974916923,3.7767408580621214e-06,0.026695112894867597,6.590376259284363e-06,,,0.00297137566936416,2.2713470956799362e-06,0.0010562932284178042,3.16714223432487e-06,,,0.0016110215368078291,4.2264449621347334e-06,0.003221567881759126,2.3203101272856475e-06,,,,,,,,,,,,,titanohematite,,,,,,,,
BRc_grain_110,0.30602861432506995,1.9053842620426327e-05,0.5982381062007612,2.3440238045874403e-05,0.08579892195242549,7.106564209722082e-06,0.002748270067035864,4.168483788015395e-06,,,,,0.004261605771027158,3.0274595376454606e-06,,,0.00043949608960823164,3.968592264884531e-06,0.002484985594072089,3.328320262323438e-06,,,,,,,,,,,,,titanohematite,,,,,,,,
BRc_grain_111,0.3652459281068988,1.920098924962918e-05,0.5815115505892078,2.1563272646932893e-05,0.023446205250757746,3.822213250602107e-06,0.018653445733138117,6.542143735874557e-06,,,,,,,,,0.003518376832612891,4.237672577413355e-06,0.007624493487384633,3.57735113532192e-06,,,,,,,,,,,,,titanohematite,,,,,,,,
BRc_grain_113,0.30360148142674687,1.810641142813496e-05,0.6083644081478847,2.1713319276888938e-05,0.06839793228472892,6.342440924784777e-06,0.011545040911118704,6.111704961751115e-06,,,,,0.003106458831629923,3.0070193645533634e-06,,,0.0016301052268479174,3.905381575002057e-06,0.0033545731710429294,3.2596533855688687e-06,,,,,,,,,,,,,titanohematite,,,,,,,,
BRc_grain_116,0.3018361752797272,1.8317586956899023e-05,0.6067619931889735,2.2712618213566716e-05,0.07180002334774359,6.75526267644531e-06,0.006123829824281335,4.160550008739468e-06,,,,,0.0045091854499545395,3.0191942455149507e-06,,,0.004466021866946838,3.985998465899628e-06,0.004502771042372865,3.2808996257302475e-06,,,,,,,,,,,,,titanohematite,,,,,,,,
BRc_grain_117,0.35268439078230296,1.813603602570614e-05,0.5964664963185687,2.0329238177395295e-05,0.03930641558704574,5.082733919930391e-06,0.010077574505324769,6.448098199181074e-06,,,,,,,,,0.0014651228067577098,4.04514501015815e-06,,,,,,,,,,,,,,,titanohematite,,,,,,,,
BRc_grain_120,0.2978225596060014,1.7853007860897514e-05,0.6175403636533473,2.1807056973241693e-05,0.06514867242397854,6.1923423909208136e-06,0.012937674397641926,5.922754272555428e-06,,,,,0.0014516881479067578,2.9896546155569023e-06,,,0.0035912022589634253,3.837904696714204e-06,0.001507839512160583,3.173447496843171e-06,,,,,,,,,,,,,titanohematite,,,,,,,,
BRc_grain_121,0.26512842498537337,1.2929652300736239e-05,0.6164064425350434,1.7405308652150317e-05,0.09904009194232136,5.969065611488022e-06,0.002259103683422469,2.102279919153761e-06,,,,,0.014127937830847028,3.0237750236770735e-06,,,0.0008700454646378972,1.9542075883054717e-06,0.001253808292633209,2.217213393129958e-06,0.0009141452657212743,1.3909550632897865e-06,,,,,,,,,,,titanohematite,,,,,,,,
BRc_grain_122,0.2844169511314613,1.2984700842744985e-05,0.6212441612237728,1.619403394247753e-05,0.08243390125958133,5.459059097126109e-06,0.0024972374688219377,2.1007812340922916e-06,,,,,0.004955560454678462,2.03910201181686e-06,,,0.003918201085018321,2.0444675607927777e-06,,,0.0005339873766658125,1.370812868396599e-06,,,,,,,,,,,titanohematite,,,,,,,,
BRc_grain_123,0.37487104259327875,1.316489585161491e-05,0.5978591450949502,1.4181482311811194e-05,0.011673473662024723,2.538797797066741e-06,0.0048069502584624346,4.2900836981821415e-06,,,,,,,,,0.00972315754696377,4.193281710784453e-06,,,0.0005675155429225078,1.4850904045143873e-06,,,,,0.0004987153013976391,1.5161215687233643e-06,,,,,titanohematite,,,,,,,,
BRc_grain_124,0.3522818318314409,1.235936674769159e-05,0.6038289677643052,1.357475088228145e-05,0.010131207780850382,2.387575897824316e-06,0.007886506133661998,4.23348518692455e-06,,,,,0.0011431232489116667,2.063268710878743e-06,,,0.02005728338620386,4.075430900667706e-06,,,0.0019517709819523892,1.4169160617854205e-06,,,,,0.002719308872673749,1.4582024984134658e-06,,,,,titanohematite,,,,,,,,
BRc_grain_130,0.3106179097785608,1.2701309070771667e-05,0.6117005623954339,1.5059402582587176e-05,0.07409169996755292,4.32565287008364e-06,,,,,,,0.003204889834789101,2.056301744386529e-06,,,,,,,0.0003849380236632391,1.4044868015256514e-06,,,,,,,,,,,titanohematite,,,,,,,,
BRc_grain_136,0.2697205214975179,1.196944313100836e-05,0.6392628453357113,1.5015886384267262e-05,0.08164364108319959,5.015309614694564e-06,0.004311235493451739,3.913946209210561e-06,,,,,,,,,0.004552494198428824,1.9429544180537204e-06,,,0.0005092623916905716,1.356017383794609e-06,,,,,,,,,,,titanohematite,,,,,,,,
BRc_grain_141,0.35328877694594335,1.2478817308219973e-05,0.6113614755518004,1.357412928743192e-05,0.021408362425524484,2.40173788608636e-06,0.004070440614646308,4.195127147796288e-06,,,,,0.0010829468759129088,2.026176958434484e-06,,,0.007921296405721806,4.078641189099724e-06,,,0.0006252975972072843,1.3993157818446454e-06,,,,,0.0002414035832434557,1.4660000975343396e-06,,,,,titanohematite,,,,,,,,
BRc_grain_144,0.3497274475375661,1.327255633954526e-05,0.6013119687749985,1.4732433230642384e-05,0.040011044392194606,3.8688017144996726e-06,0.003124680072934809,4.452448459024405e-06,,,,,,,,,0.0054215630290502205,2.091078445438924e-06,,,0.0004032961932556883,1.5063045756369932e-06,,,,,,,,,,,titanohematite,,,,,,,,
BRe_grain_10,0.3004201967218923,1.2659999808244394e-05,0.561651716003858,1.6787756438518357e-05,0.02183319363175507,2.5846342359907024e-06,0.020115216722243326,4.5065149262016e-06,,,,,0.0010423319074732878,2.1524709705196163e-06,0.0051890427141451385,1.9720920942006486e-06,0.0560464454818039,4.6172217505404036e-06,,,0.02590561656126965,3.1119560464255905e-06,,,,,0.0077962402555592615,1.551628888163494e-06,,,,,titanohematite,,,,,,,,
BRe_grain_22,0.3152954279604053,1.238065573258418e-05,0.623211624321287,1.4354781394773674e-05,0.05101750705512131,3.6666281088857293e-06,0.003015921115597514,3.845599641072932e-06,,,,,0.004346573487586267,1.94083844224883e-06,,,0.003112946060002695,1.8480560845013267e-06,,,,,,,,,,,,,,,titanohematite,,,,,,,,
BRe_grain_29,0.3281208492267968,1.1664985549619603e-05,0.6309442551098433,1.3066557483404244e-05,0.027787586460055885,3.263231707573142e-06,0.004077453545084644,3.787376762582893e-06,,,,,0.0009765955688468071,1.883326587953208e-06,,,0.0043235515375343175,1.7732696914909658e-06,0.003769708551838169,2.0247804515064986e-06,,,,,,,,,,,,,titanohematite,,,,,,,,
BRe_grain_32,0.2867510387096311,1.2438630911329552e-05,0.6330864090315942,1.501600055226606e-05,0.06771176142372498,4.92121828897811e-06,0.0023178245076328915,3.8131320499812983e-06,,,,,0.005120957817863579,1.8841685613160368e-06,,,0.001720046249656761,1.8721650007390895e-06,0.003291962259896465,1.972847733036494e-06,,,,,,,,,,,,,titanohematite,,,,,,,,
BRe_grain_38,0.2712797065589359,1.2226298080485392e-05,0.6297526943882356,1.5787377936998605e-05,0.08317148350132372,5.12783839468708e-06,0.0028335837594587227,1.9155480949695333e-06,,,,,0.009784810952346033,2.8007135664110244e-06,,,0.0010104656822749075,1.8505907892606855e-06,0.002167255157425136,2.0286031857044095e-06,,,,,,,,,,,,,titanohematite,,,,,,,,
BRe_grain_39,0.3554438983578249,1.3125973023136e-05,0.6043864995699795,1.412174280888274e-05,0.021232691534994685,2.3730303791867193e-06,0.011448568279757201,3.986722322191645e-06,,,,,0.0011995319984901658,1.9887743367969627e-06,,,0.001814039206705616,1.9411403374336864e-06,0.004474771052247906,2.1443028294234554e-06,,,,,,,,,,,,,titanohematite,,,,,,,,
BRe_grain_42,0.3090731296383347,1.333603300772956e-05,0.6193263561066009,1.552970954733058e-05,0.06531221295564245,3.98700895956273e-06,,,,,,,0.0018100077954487084,1.9802052079296755e-06,,,,,0.00447829350397321,2.060811429787428e-06,,,,,,,,,,,,,titanohematite,,,,,,,,
BRe_grain_51,0.36335877797821636,1.3152889498217116e-05,0.6065849475261034,1.4260565344706944e-05,0.016672911507214904,2.341334624888837e-06,0.006642926049316884,3.979024901512053e-06,,,,,0.001769233928862207,2.0474547282419287e-06,,,0.0020522796920180207,1.949123020939531e-06,0.002918923318268336,2.133218743785797e-06,,,,,,,,,,,,,titanohematite,,,,,,,,
BRe_grain_53,0.34278002903057175,1.3030442844704453e-05,0.6026577830669394,1.4540295722577853e-05,0.028611797527840016,2.488860786938931e-06,0.014205365626739287,4.179673751465418e-06,,,,,0.003434190880222674,2.048960668140213e-06,,,0.0038525664952708764,2.0172812980299497e-06,0.0037620280126583997,2.224415617858413e-06,0.0006962393597575477,1.411116048742402e-06,,,,,,,,,,,titanohematite,,,,,,,,
BRe_grain_55,0.3760473689506447,1.245290215830947e-05,0.6043412338438671,1.3233183547161131e-05,0.013016168256956687,2.3770476501101017e-06,0.0019159207024423027,4.126379285360087e-06,,,,,0.001164016200695967,2.009457050936263e-06,,,0.0023805472327603533,1.985983060430224e-06,0.0011347448126330334,2.145593252155469e-06,,,,,,,,,,,,,titanohematite,,,,,,,,
BRe_grain_59,0.32557863485903066,1.3182774779937225e-05,0.6162106677789297,1.5080050294903926e-05,0.04302642221459638,3.664447557637507e-06,0.007630387963203972,4.016564392784633e-06,,,,,,,,,0.002337722261673021,1.9516074450051354e-06,0.003576525536481476,2.0811613470954608e-06,0.0016396393860846465,1.391429260820175e-06,,,,,,,,,,,titanohematite,,,,,,,,
BRe_grain_65,0.28820356100916594,1.3294479789042575e-05,0.6261458236130562,1.6332916328660176e-05,0.07387043000431728,5.015361280516349e-06,0.001262826168100967,1.9082555142960967e-06,,,,,0.004185170447410755,1.9074299501994248e-06,,,0.0015154533828262806,1.8428526113654214e-06,0.0033995049029174247,2.0768738585924566e-06,0.0014172304722052205,1.3096328853462127e-06,,,,,,,,,,,titanohematite,,,,,,,,
BRe_grain_66,0.2629877291911684,1.2021893919371189e-05,0.6342023934528901,1.569177987369311e-05,0.08166002875142016,5.108684358683045e-06,0.009400142130308353,3.8148049649836036e-06,,,,,0.005898102665785281,1.8734948270021842e-06,,,0.0028088611030230026,1.7986347101282109e-06,0.0030427427054047313,2.0230231138280203e-06,,,,,,,,,,,,,titanohematite,,,,,,,,
BRc02_grain_05,0.36239525577025605,1.1982645245683342e-05,0.6081668903235752,1.2990286345301814e-05,0.014927693979823716,2.3241796605585962e-06,0.004361162227505781,4.0451976079442945e-06,,,,,,,,,0.009230105220669685,3.896674539266835e-06,,,0.00045364562128823,1.3692042312148022e-06,,,,,0.00046524685688137174,1.438023448590298e-06,,,,,titanohematite,,,,,,,,
BRc02_grain_08,0.30724497611514595,1.3361755317724701e-05,0.6032161422600989,1.652623647187314e-05,0.055795629304971506,3.866860585940648e-06,0.005994693336277825,3.980594206717701e-06,,,0.0010744929844895017,2.1097356984552044e-06,0.0012868624143874254,1.956881661274674e-06,,,0.003876465122137923,1.927529252457327e-06,0.0015542324997056896,2.1281370851708298e-06,0.0005873568121276531,1.312027116347021e-06,,,,,,,,,,,titanohematite,,,0.019369149150657593,4.348663072770217e-06,,,,
BRc02_grain_11,0.339907620942276,1.2184222983326924e-05,0.6099681469659174,1.3685222340149493e-05,0.0214894719608269,2.285755097531697e-06,0.004547642863124444,3.955002559563414e-06,,,,,0.0041509646493464785,1.9091541125201585e-06,,,0.0008356714913680264,1.8801103579917036e-06,,,0.0005815393048645275,1.3176598093008662e-06,,,,,,,,,,,titanohematite,,,0.01851894182227634,4.313882215883612e-06,,,,
BRc02_grain_19,0.3360152833997391,1.27370540325443e-05,0.6016525950039396,1.4882502527811018e-05,0.016704752548910826,2.279797705252165e-06,0.008270535754987453,4.089393867535903e-06,,,,,0.0011007201156955607,2.0111220723401237e-06,,,0.023204705330964474,4.032133409478436e-06,0.0008319097999933732,2.1940365317707675e-06,0.011445673411457582,2.740417880969999e-06,,,,,0.0007738246343120388,1.3669626617635369e-06,,,,,titanohematite,,,,,,,,
BRc02_grain_20,0.3633676226170331,1.2207672308159174e-05,0.5991116203386964,1.3476661711627312e-05,0.012619456436476436,2.371572817565275e-06,0.007012635862711818,4.0733438254072395e-06,,,,,0.001003466488559533,2.0654562199119996e-06,,,0.014440207497411673,3.927155836559762e-06,0.0008366386563060966,2.194006439861772e-06,0.0012948845202113643,1.3729905144455939e-06,,,,,0.00031346758259362834,1.4017266551561294e-06,,,,,titanohematite,,,,,,,,
BRc02_grain_26,0.32025679747178093,1.1847319188346019e-05,0.6052106761154061,1.4242441676560204e-05,0.028262033445601752,2.3861624402010867e-06,0.005469013629998398,3.957572672270859e-06,,,0.011985483076088668,2.095701320396611e-06,0.0013976873626094035,2.007536994700219e-06,,,0.002102362844884422,1.964628726586333e-06,,,0.0005169013219097208,1.3564090253882944e-06,,,,,,,,,,,titanohematite,,,0.02479904473172068,6.415516381097763e-06,,,,
BRc02_grain_27,0.3781151519432742,1.2267007857912327e-05,0.6024149289732987,1.2673274268582452e-05,0.01946991908342713,2.3604300181208874e-06,,,,,,,,,,,,,,,,,,,,,,,,,,,titanohematite,,,,,,,,
BRc02_grain_29,0.2761563341469839,1.2728279752387269e-05,0.625450160500413,1.6211782545892606e-05,0.08011931654359913,5.220189934769369e-06,0.00631888184783844,3.868268915773467e-06,,,,,0.001102781123615148,1.941518885871782e-06,0.0007457643574179829,1.76017752607512e-06,0.004218143436231398,1.8502691917425625e-06,0.0038004847349230493,2.09299730581316e-06,0.002088133308977925,1.3178739756676575e-06,,,,,,,,,,,titanohematite,,,,,,,,
BRc02_grain_38,0.2965172438449728,1.2567274880075333e-05,0.6231798328711177,1.5060093475904075e-05,0.053976384561271365,3.703397130600079e-06,0.01831764501562559,3.85279088940719e-06,,,,,0.0014763024874404266,1.9480869670544344e-06,,,0.0018530182503983614,1.932483177754071e-06,0.004029281191316867,2.066318590701167e-06,0.0006502917778569386,1.29841536459848e-06,,,,,,,,,,,titanohematite,,,,,,,,
BRc02_grain_41,0.2706063179438505,1.1939830869193395e-05,0.6420372062609304,1.513900941464419e-05,0.06186721399509071,4.531383502893997e-06,0.005467395987211825,3.7906200564706196e-06,,,,,0.0028306133446766467,1.7697913229483964e-06,0.000706226579135809,1.6026121024681693e-06,0.008168017970842495,3.5275975839215042e-06,0.00375195994216631,1.962449397805286e-06,0.004565047976095358,1.2567379572793493e-06,,,,,,,,,,,titanohematite,,,,,,,,
BRc02_grain_43,0.34167394007184265,1.279002958488697e-05,0.6057032884159037,1.4437860050026401e-05,0.030228921741178912,3.4919200501260483e-06,0.008602106449171674,4.120134780565569e-06,,,,,0.0017611920810750904,1.9718136013927027e-06,,,0.006550603056232444,1.961540415537408e-06,0.004494179072192382,2.2198580290549807e-06,0.0006768788550321117,1.3955608677078528e-06,,,,,0.0003088902573710914,1.440103989929009e-06,,,,,titanohematite,,,,,,,,
BRc02_grain_45,0.2920941353077803,1.2618007386310439e-05,0.6206417053183607,1.557914841932878e-05,0.06192403963560609,3.882898720422475e-06,0.01737981085029971,3.881597903543942e-06,,,,,0.0015810742765308946,1.8655513754358701e-06,,,0.000822333385211173,1.9006453843808285e-06,0.0053407064651403695,2.0475932814286133e-06,0.00021619476107079548,1.3225758803326904e-06,,,,,,,,,,,titanohematite,,,,,,,,
BRc02_grain_51,0.2640502621990186,1.224028492949209e-05,0.638585376411257,1.6168540142355043e-05,0.08152736780405123,5.1452156550570655e-06,0.005216791846890525,3.71568672552502e-06,,,,,0.0036654146153940973,1.8604128750295024e-06,,,0.002555243734379125,1.7647163817510375e-06,0.0030861752877333263,1.979080841036776e-06,0.00034387472911265093,1.2756243891097284e-06,,,,,,,,,,,titanohematite,,,,,0.000969493372163505,3.086774514415425e-06,,
BRc02_grain_52,0.36639185288837267,1.3098114991844367e-05,0.594750461640141,1.427891240461535e-05,0.0156884111349973,2.3513943667382283e-06,0.01582304187143099,4.240407723664009e-06,,,,,,,,,0.0008858454680820155,1.9763526572613757e-06,0.0059945016631790275,2.233361076016667e-06,0.0004658853337970259,1.4116181325828227e-06,,,,,,,,,,,titanohematite,,,,,,,,
BRc02_grain_54,0.3470821632864776,1.2993011119146122e-05,0.6047379009271164,1.4507389987451292e-05,0.024992000640030407,2.393832550861891e-06,0.00996229068468816,4.065537785463013e-06,,,,,0.0017022380568664198,1.9834451315678037e-06,,,0.007423550248689014,3.909718242097578e-06,0.003264630899060318,2.171283429898235e-06,0.0005263147891017114,1.380010833896872e-06,,,,,0.0003089104679698974,1.423619368201632e-06,,,,,titanohematite,,,,,,,,
BRc02_grain_56,0.2586849169777346,1.1892500409499417e-05,0.6483675166251703,1.5589151434072356e-05,0.07798503856220966,4.927432478471498e-06,0.0037938602137086177,3.7500144833253816e-06,,,,,0.002843831686301559,1.818987779172652e-06,,,0.0036421343018398864,1.7393298347306123e-06,0.0035974756225176647,1.9023818090023172e-06,0.0008074749849937685,1.2138045993569272e-06,,,,,0.00027775102552385383,1.2404937739915774e-06,,,,,titanohematite,,,,,,,,
BRc02_grain_64,0.28802296608691397,1.2078317159994104e-05,0.6310744004436721,1.4794698617875536e-05,0.0634770068461256,4.5836943693875346e-06,0.010981330892558993,3.7674238137097484e-06,,,,,0.0017314428517314756,1.8521797308862974e-06,,,0.0013952731051484512,1.8118917417720267e-06,0.0020333405929538633,2.0165392702595805e-06,,,,,,,,,,,,,titanohematite,,,,,0.001284239180895541,3.0894663103658185e-06,,
BRc02_grain_66,0.3287670433728794,1.1395535199217826e-05,0.6338047061795582,1.2603255861391467e-05,0.020491288286415263,2.144245067392679e-06,0.01050410555079998,3.7111355579329916e-06,,,,,0.0014151751231310824,1.8276786246986618e-06,,,0.0028684845242216424,1.7851507576105562e-06,0.0018007448733994768,2.009515432010355e-06,0.00034845208959484767,1.2703417569811428e-06,,,,,,,,,,,titanohematite,,,,,,,,
BRc02_grain_68,0.32294260948641473,1.2895927387201688e-05,0.6195601365202622,1.4777611808300249e-05,0.03978687095962912,3.4285338156058465e-06,0.009801560181549724,3.964408986957503e-06,,,,,0.003757801710799657,1.9370994376549886e-06,,,0.000728164189817115,1.8904095984255667e-06,0.002684341472076221,2.093652216902349e-06,,,,,,,,,,,,,titanohematite,0.0007385154794511804,1.48962172277934e-06,,,,,,
BRc02_grain_69,0.34800958900879914,1.2969137732315767e-05,0.6058813208804606,1.4316773373244834e-05,0.02399814091865059,2.3946349097498086e-06,0.011681732861486249,4.006293790810344e-06,,,,,0.001988222316230349,2.0463759968760364e-06,,,0.0038838438543610013,1.9252093364637994e-06,0.004103316053336642,2.1421389279691565e-06,0.0004538341066754174,1.382443273057826e-06,,,,,,,,,,,titanohematite,,,,,,,,
BRc02_grain_75,0.34711214611669855,1.3234941699469313e-05,0.5997043143805978,1.4799407578059173e-05,0.03471388141546938,3.522305212905177e-06,0.007884045176243522,4.159943434552852e-06,,,,,0.0019068138615249606,2.026624195248917e-06,,,0.0016442273738136069,2.001126584939416e-06,0.006230805318684681,2.1932891433161474e-06,,,,,,,,,,,,,titanohematite,,,,,0.0008037663569674699,3.432895997385564e-06,,
BRc02_grain_76,0.3562183624412772,1.2892004883570324e-05,0.6045529112531457,1.4281270200401219e-05,0.01953806795981822,2.3391092694469905e-06,0.009795310248510774,4.036597296208866e-06,,,,,,,,,0.004538469469372519,1.9341559521021894e-06,0.00482633876780559,2.207560363816618e-06,0.0005305398600701042,1.3886712705119705e-06,,,,,,,,,,,titanohematite,,,,,,,,
BRc02_grain_77,0.3299845617619359,1.3327384751358008e-05,0.6061591005282865,1.5310135955468953e-05,0.05045980950242051,3.7452291133288353e-06,0.003996063582906586,4.016418811394583e-06,,,,,0.003100093656600138,2.015240360116889e-06,,,0.0009599456560469145,1.9769390305212323e-06,0.0053404253118033655,2.1236290719322406e-06,,,,,,,,,,,,,titanohematite,,,,,,,,
BRc02_grain_81,0.2678274302118355,1.2112771659071416e-05,0.6298680747085038,1.5651592686308533e-05,0.07992351203916231,5.09700197507589e-06,0.014826639458787148,3.8135441972298154e-06,,,,,0.000614616812331619,1.849420723680154e-06,,,0.000702887200955824,1.8290284052882705e-06,0.005746350308362262,2.0752122029110064e-06,0.0004904892600615787,1.2816596076501518e-06,,,,,,,,,,,titanohematite,,,,,,,,
BRc02_grain_86,0.3200811187416541,1.423549250729196e-05,0.6031024427358141,1.6773179515481927e-05,0.07387793018530334,5.229079614187948e-06,,,,,,,0.0016756869382044328,2.0464343516896383e-06,,,,,0.0012628213990240218,2.1868397631747055e-06,,,,,,,,,,,,,titanohematite,,,,,,,,
LRa01_grain_03,0.36387624919191286,1.310342638091125e-05,0.6036287131817312,1.4121565314897098e-05,0.030450057910615974,3.509111987920831e-06,0.0006757150595002977,2.067171300195815e-06,,,,,,,,,,,0.0013692646562397505,2.180174605593074e-06,,,,,,,,,,,,,titanohematite,,,,,,,,
LRa01_grain_07,0.3464914505435342,1.2499029113541144e-05,0.6139575480035709,1.3621793679075643e-05,0.02637465821185853,2.3650114692732946e-06,0.002293740682431211,3.905669169110438e-06,,,,,0.002254407616139676,1.9651917307397686e-06,,,0.003467369635393705,1.864480419124193e-06,0.00457363683044764,2.127227872686489e-06,0.0005871884766240765,1.3630812904864894e-06,,,,,,,,,,,titanohematite,,,,,,,,
LRa01_grain_26,0.2901450740453817,1.3100935584696993e-05,0.6153658425562163,1.653467052745845e-05,0.07861090529568109,5.167069576329932e-06,0.0011908446412920504,1.951101674867556e-06,,,,,0.009560333203493103,2.977451816585107e-06,,,0.0014549985844005452,1.8930632773929782e-06,0.003379571594215405,2.052438217569692e-06,0.00029243007931976445,1.340856000160361e-06,,,,,,,,,,,titanohematite,,,,,,,,
LRa01_grain_37,0.3581567377716098,1.3172124882893184e-05,0.6091456601089514,1.4286574024799765e-05,0.02089369631012733,2.3420980248238696e-06,0.002006036839298719,3.990227816702337e-06,,,0.004793868156551862,2.1177233885684504e-06,,,,,0.0038495792962130486,1.9521086494575992e-06,0.0007060024765327938,2.1525817998612763e-06,0.00044841904071495667,1.3562514454183214e-06,,,,,,,,,,,titanohematite,,,,,,,,
LRa01_grain_38,0.290670366945561,1.2006096397535003e-05,0.6339290122260475,1.4794752044552632e-05,0.06363615757803473,4.686134909787445e-06,0.006286046690072036,3.812918289657595e-06,,,,,0.00187363328361314,1.8863789274796086e-06,,,0.001089348551442119,1.8049343106068811e-06,0.0016380840179876053,1.9935206553845133e-06,0.00027767707502905533,1.275479070144598e-06,,,,,0.00028621983764672097,1.272527657901392e-06,,,,,titanohematite,0.0003134537945661124,1.4279395122252084e-06,,,,,,
LRa01_grain_49,0.3537159534936948,1.2886037616832114e-05,0.6046636275189208,1.433003249987412e-05,0.026098337105232034,2.3770550444665873e-06,0.0022090804323851043,4.088798114853041e-06,,,,,0.0018434594839964358,1.9300333249120977e-06,,,0.0006376623240860945,1.921203597817229e-06,0.0005265454257089793,2.114113585847448e-06,,,,,,,,,,,,,titanohematite,,,0.010305334215975888,4.5946642644316245e-06,,,,
LRa01_grain_56,0.34750561238838484,1.2084414770546415e-05,0.6115971724040687,1.3207619824232974e-05,0.01525262499552153,2.408876699560881e-06,0.006255033525800949,4.160292383960539e-06,,,,,0.002119835269995828,2.0225136105856993e-06,,,0.01474511473098899,3.963593154150838e-06,,,0.0013769421370512782,1.3782571975568944e-06,,,,,0.0006280554901961623,1.3967427915645839e-06,,,,,titanohematite,0.0005196090579917122,1.5398492007093287e-06,,,,,,
LRa01_grain_57,0.3096710880608725,1.2295245129083937e-05,0.6125642766804874,1.4897836444463742e-05,0.05092449622775577,3.5967323939315206e-06,0.006145254698705879,3.9187194761609974e-06,,,,,0.004392426596038631,1.947387169813515e-06,,,0.002488417574778776,1.9009864973474651e-06,0.0026840027576727414,2.091018290780704e-06,0.0003631535153532609,1.2779726297910227e-06,,,,,,,,,,,titanohematite,,,0.01076688388833504,4.362612351725118e-06,,,,
LRa01_grain_79,0.3224206006042076,1.2929259210122995e-05,0.6183340147830405,1.4842304302688545e-05,0.04875356680814963,3.668570295962285e-06,0.0029190755819032436,3.942223673290418e-06,,,,,0.002069751154333898,1.935835114759874e-06,,,0.0027008142342676263,1.8528002222129149e-06,0.0028021768340975727,2.046792067875027e-06,,,,,,,,,,,,,titanohematite,,,,,,,,
LRa02_grain_75,0.2765151657940298,1.3861235438906814e-05,0.6238163732709601,1.8102898186352968e-05,0.08886399253540715,5.823477892663015e-06,0.0008723460801755664,3.062092978588559e-06,,,,,0.0052653534799781965,2.3326831321111493e-06,,,0.0008835092434724321,2.4824383172021373e-06,0.003783259595976745,2.541707203596741e-06,,,,,,,,,,,,,titanohematite,,,,,,,,
LRa02_grain_105,0.2960702932901393,1.1759947274589634e-05,0.658848792368012,1.3739349631433326e-05,0.02452003103444081,2.648084557069593e-06,0.004619961443240142,3.2609516521983435e-06,,,,,,,,,0.00683768054627434,2.8561204464644852e-06,0.0007553031242081412,1.7488966046350018e-06,0.0008307141723568949,1.4525060843018261e-06,,,,,,,,,,,titanohematite,,,0.007517224021328424,4.685568768050175e-06,,,,
BRe_grain_100,0.34717963423460546,1.3254598198839385e-05,0.6139667107033959,1.452512609818756e-05,0.011272711894620542,2.2325633875099675e-06,0.004205376981009574,3.4140512900746996e-06,,,,,0.0006803567780025297,2.0440534678589544e-06,,,0.012601578078327109,3.3955158025897097e-06,0.003068663682302946,1.9260957558440294e-06,0.007024967647735969,2.035421130237335e-06,,,,,,,,,,,titanohematite,,,,,,,,
BRe_grain_101,0.3509303812458469,1.3626837672312636e-05,0.6057358193733106,1.483583110543799e-05,0.012549891361885737,2.355332345831402e-06,0.003427975303518913,3.2697767342177037e-06,,,,,,,,,0.014083366936074336,3.4225700835636907e-06,0.0019603249966159875,1.8904986654785267e-06,0.010979839081045585,2.275622257733189e-06,,,,,0.0003324017017019324,1.6945003055918937e-06,,,,,titanohematite,,,,,,,,
BRe_grain_103,0.3292033726609495,1.3011433112319436e-05,0.6243531768277414,1.474885031406775e-05,0.02901909036185674,3.0431451862091904e-06,0.007876222298233638,3.5802527171714727e-06,,,,,0.0016551777963362655,2.047793600256376e-06,,,0.00535391349425511,2.8145733049343276e-06,0.000864673438892375,1.9023623996975315e-06,0.0016743731217349297,1.6333303561880872e-06,,,,,,,,,,,titanohematite,,,,,,,,
BRe_grain_105,0.3650945348268916,1.4092930543886781e-05,0.602013120660282,1.527008156250584e-05,0.015815763839241624,2.6151993618678315e-06,0.003933370300086652,3.4314855641743023e-06,,,,,,,,,0.0062276866005907235,3.0866282959008725e-06,0.004838089007066166,2.1319228849035244e-06,0.0020774347658412554,1.7708913066369024e-06,,,,,,,,,,,titanohematite,,,,,,,,
BRe_grain_106,0.29514660507874774,1.2711070745910914e-05,0.6440096257565467,1.5035886521664822e-05,0.044200480868507544,3.5777735625498602e-06,0.009601911619298905,3.5790715488520185e-06,,,,,,,,,0.0028776083377843945,2.550864696596542e-06,0.002180349253057224,2.024581290608493e-06,0.0007445666784957058,1.472636342339926e-06,,,,,0.00027446804372178947,1.5236804787154667e-06,,,,,titanohematite,,,,,0.000964384363839975,3.002549617975992e-06,,
BRe_grain_107,0.2948092969134008,1.3423083610767923e-05,0.6376599397693918,1.5877412332833625e-05,0.05212140114455919,4.072456165273275e-06,0.003570203393031593,3.1317712987823227e-06,,,,,0.0024671929027626407,2.071035852481162e-06,,,0.002341128114941518,2.5826333873349644e-06,0.006187351837215231,2.3066616286433728e-06,0.0008434859246972125,1.494352678787421e-06,,,,,,,,,,,titanohematite,,,,,,,,
BRe_grain_108,0.33822438281043543,1.3331486046815327e-05,0.617583110652893,1.4769226043439309e-05,0.02143697107319691,2.767092898489025e-06,0.00839057562596013,3.662496133550729e-06,,,,,0.0012513771634350777,2.0354963426363927e-06,,,0.004858870344122813,2.916774832796846e-06,0.005031777165869281,2.0754862154439617e-06,0.0032229351640874586,1.8274256731436374e-06,,,,,,,,,,,titanohematite,,,,,,,,
BRe_grain_109,0.338840172436912,1.3046056344924711e-05,0.6212794796172713,1.4231414630169969e-05,0.02160639537396258,2.7023084211522172e-06,0.012317470046578582,3.7605681825426555e-06,,,,,,,,,0.0009797340919479897,2.497862879058422e-06,0.004976748433327525,2.028355940106863e-06,,,,,,,,,,,,,titanohematite,,,,,,,,
BRc02_grain_95,0.2974266503646127,1.2739428088737621e-05,0.6408772585714845,1.5046455060711657e-05,0.04539278761573096,3.710980057106747e-06,0.004754515867175314,3.207030536247944e-06,,,,,0.0027806823756731914,2.0416616124369427e-06,,,0.0033810368078011645,2.582635688865236e-06,0.005103874044134315,2.1907638246940274e-06,0.0002831943533878808,1.4245437852780978e-06,,,,,,,,,,,titanohematite,,,,,,,,
BRc02_grain_98,0.2635643484663209,1.3255328785390194e-05,0.6460909014982512,1.7011241498956226e-05,0.08596306113970004,5.52662074982934e-06,0.0010433670669967403,2.7777874260796074e-06,,,,,,,,,0.002103583808385035,2.398456107044843e-06,0.0009319645417311581,2.317575618109946e-06,0.0003027734786148701,1.417266511744806e-06,,,,,,,,,,,titanohematite,,,,,,,,
