Grain,Al,Al_se,Ba,Ba_se,Ca,Ca_se,Cl,Cl_se,Cr,Cr_se,Fe,Fe_se,K,K_se,Mg,Mg_se,Mn,Mn_se,Nb,Nb_se,O,O_se,P,P_se,S,S_se,Si,Si_se,Ti,Ti_se,V,V_se,W,W_se,Zn,Zn_se
Hematite_Elba_01,,,,,,,,,,,0.39599145371846395,1.3106611265246834e-05,,,,,,,,,0.6040085462815361,1.3106611265246839e-05,,,,,,,,,,,,,,
Hematite_Elba_02,,,,,,,,,,,0.3962741969091569,1.3306366295873625e-05,,,,,,,,,0.6037258030908431,1.3306366295873606e-05,,,,,,,,,,,,,,
Illmenite_01,,,,,,,,,,,0.18669237815923717,1.158826115856787e-05,,,,,0.01877999836836232,2.8538162332994406e-06,,,0.6261955461045576,2.10698357663621e-05,,,,,,,0.16708154795737906,1.0193357767351115e-05,0.0012505294104637923,2.99514668155608e-06,,,,
Illmenite_02,,,,,,,,,,,0.18545348885745067,1.0517090953057319e-05,,,,,0.018305100319798987,2.7722162514778563e-06,0.0019755469894148295,2.1578367270178447e-06,0.6281182637534499,1.8064919495007165e-05,,,,,,,0.16614760007988552,8.730286895311789e-06,,,,,,
Magnetite_oxpuck_01,0.002212064307256193,4.2855543239981924e-06,,,,,,,,,0.41999133385038584,1.2726941913461136e-05,,,,,,,,,0.5771246831113739,1.2714105827095099e-05,,,,,0.0006719187309840431,2.044294212526572e-06,,,,,,,,
Magnetite_oxpuck_02,0.0020912445833671466,4.265251510446346e-06,,,,,,,,,0.4203270075541553,1.2393985583757813e-05,,,,,,,,,0.5766278186268108,1.2653545808524839e-05,,,,,0.0005606141264244225,2.029567621023518e-06,0.0003933151092423488,1.1931276694799625e-06,,,,,,
Goethite_01,0.003374842585967306,3.74456019105644e-06,,,0.0008251630942245905,1.2551636339736842e-06,,,,,0.2898776174958761,9.754907281964247e-06,,,,,0.0006510140965628131,1.8132334607277266e-06,,,0.6879086399951508,1.0923107906747923e-05,0.013630480319219193,3.175832881609808e-06,,,0.0037322424129992205,1.798185066560543e-06,,,,,,,,
Goethite_02,0.0033774498396600757,3.671429819980337e-06,,,0.0008260010009439504,1.258268532039631e-06,,,,,0.28982483843422135,9.786967138080373e-06,,,,,0.0006540960255200106,1.8278973502423074e-06,,,0.6879534757215533,1.0624435548834141e-05,0.01362969073335091,3.218880129851832e-06,,,0.0037344482447503992,1.8305665289249395e-06,,,,,,,,
BRc02_grain_38,0.018312544809678245,3.89550345387101e-06,,,0.0006477523931944703,1.3313742282447711e-06,,,,,0.29653366084284305,1.288253934013195e-05,,,,,0.0014684063477667243,1.910473384376773e-06,,,0.6231795591579703,1.5480151843188797e-05,,,,,0.0018536810623282106,1.8969190984498997e-06,0.05397324449733869,3.7394268002546744e-06,0.004031150888880303,2.1032977227388006e-06,,,,
BRc02_grain_39,0.0005746696102444167,1.7543989039124426e-06,,,0.00032178992400966235,1.169549572162066e-06,,,,,0.1227569062747745,9.527537226444012e-06,,,0.005112280439473233,3.928087415972367e-06,0.004189631581460902,1.740649324493187e-06,,,0.6649009996912002,2.231676967739659e-05,,,,,0.0011997383077517678,1.6939974348275993e-06,0.19880746465751212,1.3533905187751673e-05,0.0021365195135731505,2.7698542544484966e-06,,,,
BRc02_grain_40,,,,,,,,,,,0.1541281458374505,9.73706039141288e-06,,,,,,,,,0.6674449117536827,1.7614461473114097e-05,,,,,0.0006400447946027005,1.675710227342035e-06,0.1777868976142641,1.0090102471774172e-05,,,,,,
BRc02_grain_41,0.0054646061362205196,3.6272549161652908e-06,,,0.00456569214461901,1.2649163344992098e-06,,,,,0.27059923226596655,1.1968039166815168e-05,,,,,0.0028345164897157797,1.7928517304849605e-06,,,0.6420350028331827,1.54086324307357e-05,0.0007053311640946442,1.5643739370038062e-06,,,0.008165906846475243,3.6038569214825448e-06,0.061878570504259926,4.514314463229754e-06,0.003751141615465607,2.0140917770730943e-06,,,,
BRc02_grain_42,0.003602228202502878,4.4208319279226895e-06,,,0.0004847522686498585,1.4382445449810273e-06,,,,,0.40081410061238437,1.3687413092897989e-05,,,,,,,,,0.5823593544008606,1.4346960418857271e-05,,,,,0.007601034261464138,4.234447528733895e-06,0.004056320722034611,2.4992653099415108e-06,0.0010822095321035216,2.3231275990182287e-06,,,,
BRc02_grain_43,0.008600141697589705,3.996483742613079e-06,,,0.0006751359607486478,1.3665716458112794e-06,,,,,0.34168624393335534,1.2693779994389381e-05,0.0003076507316647876,1.3923320957257974e-06,,,0.0017573411058937486,1.998691262914319e-06,,,0.6057085403731651,1.4319391969816803e-05,,,,,0.0065464467369445375,1.933886260618941e-06,0.03022176580892883,3.4823662098341695e-06,0.004496733651709331,2.1177688466802332e-06,,,,
BRc02_grain_44,0.004010716126556171,4.443551139911104e-06,,,0.0004915230851778547,1.506168666436337e-06,,,,,0.4048194040404088,1.3849874863320632e-05,,,,,,,,,0.5788604463471227,1.4684824291140317e-05,,,,,0.01028351230023488,4.25966720313466e-06,0.0008910012546749258,1.2823225886540096e-06,0.000643396845824713,1.172256659287021e-06,,,,
BRc02_grain_45,0.017377480754078682,3.885944331424927e-06,,,0.00021668062896887212,1.3454563649557498e-06,,,,,0.2920907862806692,1.2304890937424049e-05,,,,,0.0015823956534258517,1.9135034377577837e-06,,,0.6206322250874071,1.526666110900293e-05,,,,,0.0008290205452652278,1.8985059557654074e-06,0.061929734664229595,3.82594136546872e-06,0.005341676385955476,2.1028235801466684e-06,,,,
BRc02_grain_46,0.0015032952131884768,4.1924443435740185e-06,,,,,,,,,0.38919356662002647,1.281591888832426e-05,,,,,,,,,0.6011315306167494,1.326890939358218e-05,,,,,0.007651842468496399,4.005263698612259e-06,0.0005197650815392114,1.1855943407094737e-06,,,,,,
BRc02_grain_47,0.0010474240592599994,2.1262922210135745e-06,,,,,,,,,0.39925766124970874,1.1785939199210777e-05,,,,,,,,,0.5959485372684488,1.2042810850003798e-05,,,,,0.0033530455403565267,2.02134276568289e-06,0.000393331882225902,1.2052439146946947e-06,,,,,,
BRc02_grain_48,0.013426888434538162,4.0125104839548375e-06,,,0.00044864362450638696,1.3931905019515448e-06,,,,,0.35204306112409844,1.1651234518968744e-05,0.0009955288183504732,1.3925611877724571e-06,,,0.0009252742651068709,1.980595111594585e-06,,,0.6074553546225988,1.2729517696135587e-05,,,,,0.021103561904029827,3.8735029122374435e-06,0.0031904156721916208,2.271110591900606e-06,0.00041127153457940445,1.07831361079503e-06,,,,
BRc02_grain_49,0.007322582138675523,4.153360640733763e-06,,,0.0009859549333203568,1.3725091523909158e-06,,,,,0.3637598039009022,1.2094175178972034e-05,0.00046460580349783976,1.4073236114687813e-06,,,0.0023237739494583365,1.9956486860451793e-06,,,0.6047517820883096,1.2896909703680781e-05,,,,,0.014613153084410005,3.945156346596272e-06,0.005778344101426114,2.310770141332105e-06,,,,,,
BRc02_grain_50,0.007344160309078612,4.227554700429492e-06,,,0.0009864754212108688,1.3686015975052724e-06,,,,,0.36449411601209974,1.21255418510177e-05,,,,,0.002328854036671685,2.000568179560817e-06,,,0.6043152995396825,1.3154136653154782e-05,,,,,0.01474055576054122,3.939005606028119e-06,0.0057905389207152476,2.2721173828301905e-06,,,,,,
BRc02_grain_51,0.005218846093007699,3.6446645364806197e-06,,,0.0003428782838930203,1.260030271271012e-06,,,,,0.26403787495713854,1.2760254540523045e-05,,,,,0.003666318282374133,1.854888201594923e-06,,,0.6386022256072138,1.6571195684007814e-05,,,,,0.0025555218325944594,1.7639967774924167e-06,0.0815202981326001,5.234164762078286e-06,0.003090340168406499,1.9780044743872303e-06,,,0.0009656966427717328,3.0795275286950886e-06
BRc02_grain_52,0.015819800768032122,4.1905660275413505e-06,,,0.0004649757545749075,1.4168352717622048e-06,,,,,0.3663930274461088,1.3686127792752216e-05,,,,,,,,,0.5947579821678523,1.4792319512316978e-05,,,,,0.000884074214752293,2.0460265720707063e-06,0.015689308527927673,2.3695182699278873e-06,0.00599083112075198,2.2282237539127756e-06,,,,
BRc02_grain_53,0.0015944161307413895,4.182260650660811e-06,,,,,,,,,0.38609892198892865,1.2671529923360636e-05,,,,,,,,,0.6031274477443246,1.3085588695046293e-05,,,,,0.0046950757609192945,1.983939255908649e-06,0.004484138375086114,2.3486157821407846e-06,,,,,,
BRc02_grain_54,0.009961901895268375,4.089941737449663e-06,,,0.0005256691733317511,1.3893001035654428e-06,,,,,0.3470636400503708,1.2647845386127652e-05,0.0003040540428363998,1.4159328898284487e-06,,,0.0017043902411129623,2.0096210405558415e-06,,,0.6047650907203422,1.4202651668073766e-05,,,,,0.0074207261466357425,3.908913720216777e-06,0.024992209358889808,2.364072860515649e-06,0.003262318371211849,2.185136088007321e-06,,,,
BRc02_grain_55,0.0034745840706299274,4.042083993051894e-06,,,0.0003785365567855068,1.356018657370027e-06,,,,,0.37685507378313493,1.241562968539932e-05,0.000385868138796774,1.4233099204733626e-06,,,,,,,0.6079347818535464,1.2980124824633168e-05,,,,,0.00689403352504646,3.931794423812066e-06,0.003542210181827442,2.3165107359420873e-06,0.000534911890232613,1.10835360216451e-06,,,,
BRc02_grain_56,0.003790849590250562,3.623089619266859e-06,,,0.0008078394317332108,1.2477551092073353e-06,,,,,0.2586702384968961,1.1915549191231053e-05,0.00027678828790468147,1.2450329753634955e-06,,,0.002843443200550869,1.752758384009174e-06,,,0.6483758862221809,1.5433237762778574e-05,,,,,0.0036435750650024266,1.7757135886267935e-06,0.07799412827694165,4.83641793871955e-06,0.0035972514285396782,1.9365454502859383e-06,,,,
BRc02_grain_57,0.005135289583483553,4.591718731789849e-06,,,0.0007576832097940347,1.574265730402997e-06,0.0012377866157686442,1.7453882496777971e-06,,,0.4005680299428702,1.4418878986606938e-05,,,,,,,,,0.5798361462284485,1.5010665778116427e-05,,,,,0.008543992147528446,4.311273833942828e-06,0.0023301737140660923,1.3053405384764369e-06,0.0015908985580405251,2.4275378466908883e-06,,,,
BRc02_grain_58,0.006081442822316127,3.9917962223288314e-06,,,0.0008952593727955817,1.3719131474803404e-06,,,,,0.36385176811764874,1.2124607489791425e-05,0.0006127781914426043,1.3795166560487537e-06,,,0.0016853047000019489,1.9616059122927518e-06,,,0.6124314987623349,1.299481446974764e-05,,,,,0.011484042784258094,3.7133990553303487e-06,0.002371716293727697,1.1680104130139107e-06,0.0005861889554742681,1.0674907289311643e-06,,,,
BRc02_grain_59,,,,,,,,,,,0.15597130800118944,9.951109670193412e-06,,,,,0.0065639404172565,1.7714023394187932e-06,,,0.64830049958057,1.930701964388166e-05,,,,,,,0.1891642520009841,1.1221287853131173e-05,,,,,,
BRc02_grain_60,0.004661805672309572,4.079756419752202e-06,,,0.0005975681926616348,1.3602117939263235e-06,,,,,0.36525071077882315,1.1891080329426853e-05,,,,,0.0014779725343113247,2.0111635563903075e-06,,,0.6128328731061293,1.2575808683525823e-05,,,,,0.010998363712128232,3.885945710224067e-06,0.0038850669033244517,2.2708191420619043e-06,0.00029563910031238843,1.0797529950833784e-06,,,,
BRc02_grain_61,0.0016699826593363418,4.127069261213241e-06,,,0.0007517072145852978,1.3012520229764208e-06,,,,,0.3821407272005452,1.2271608668341614e-05,,,,,,,,,0.6080518008554355,1.2835863692080346e-05,,,,,0.005371301864478372,3.8486549652446385e-06,0.0010083092283695158,1.1446253008779358e-06,0.0010061709772496393,1.067315972229137e-06,,,,
BRc02_grain_62,0.0015759544685729802,4.0279706847847025e-06,,,0.0006056649655045676,1.388817258490935e-06,0.00034500006252624144,1.5586264580164386e-06,,,0.37593431380436293,1.2454443977947205e-05,,,,,0.0011069505126644454,2.005798218066226e-06,,,0.6039140943997742,1.3122985930757158e-05,,,,,0.014169230177282504,3.83955851947456e-06,0.002348791609312205,1.143184935490873e-06,,,,,,
BRc02_grain_63,0.003353310989136591,2.4604126613048538e-06,,,0.0010889044865220335,1.6392611782874592e-06,,,,,0.33490463639292894,1.6708452768213092e-05,,,,,0.004219832084907655,2.3537993128804826e-06,,,0.5377044986228657,2.1752873688503165e-05,,,,,0.003222594412923893,2.3543861890714875e-06,0.11237954985501744,7.297341355069485e-06,0.003126673155697759,2.6240867281400723e-06,,,,
BRc02_grain_64,0.010977836122674155,3.8058079764627834e-06,,,,,,,,,0.28804093960026517,1.2268607285673817e-05,,,,,0.0017294042040460254,1.8778305351132298e-06,,,0.6310687092467718,1.504233642807113e-05,,,,,0.0013922116820668823,1.795040700623735e-06,0.06347712713724048,4.652656757192187e-06,0.0020311583166403293,2.053119942332802e-06,,,0.001282613690295217,3.203956211949827e-06
BRc02_grain_65,0.02192513621801668,3.99562398068359e-06,,,,,,,,,0.3108261259280311,1.1022766363894835e-05,,,0.01634611145874289,4.352616187942635e-06,0.0011271273106766811,1.9506813910756436e-06,,,0.6158612305754698,1.2803134224036903e-05,,,,,0.03237786778051107,3.869854343809315e-06,0.0015364007285516845,1.0925709080445207e-06,,,,,,
BRc02_grain_66,0.010507157555793177,3.694264102672039e-06,,,0.0003472590761364489,1.2741577121790985e-06,,,,,0.32877127537968903,1.1397368228896217e-05,,,,,0.0014140460541168733,1.8403406126419315e-06,,,0.6337988295130581,1.2358988956830181e-05,,,,,0.0028668900148340628,1.807044000569505e-06,0.02049559016375493,2.1558293707027114e-06,0.0017989522426172964,1.96864838847934e-06,,,,
BRc02_grain_67,0.0013615308488100753,4.07756589640831e-06,,,,,,,,,0.38830573338029223,1.2601737209091168e-05,,,,,,,,,0.6039998569948288,1.3009779184896731e-05,,,,,0.004244503594288286,1.99241550386279e-06,0.001788340033999163,1.2025846386164838e-06,0.00030003514778143524,1.1032858165856107e-06,,,,
BRc02_grain_68,0.00981161723835553,3.892941869349615e-06,,,,,0.0007387309491373012,1.5296648306774642e-06,,,0.32292331571828836,1.2700370029066787e-05,,,,,0.003757018075399716,1.9002542575216296e-06,,,0.6195768627492938,1.4557002126836054e-05,,,,,0.0007239376314891474,1.9014277118607644e-06,0.03978837054337094,3.5018263889480388e-06,0.0026801470946652087,2.1319595224670607e-06,,,,
BRc02_grain_69,0.011691814731616991,3.967896296949755e-06,,,0.00045550422243858716,1.3829414005666525e-06,,,,,0.3480403921262132,1.2719305214701994e-05,,,,,0.0019863201749724542,2.0321523309214176e-06,,,0.6058316364756042,1.3914178562402051e-05,,,,,0.0038863993745300507,1.9522494781855373e-06,0.024002714814570537,2.3881865972212165e-06,0.004105218080054011,2.1671137896776707e-06,,,,
BRc02_grain_70,,,,,,,,,,,0.16027834122722023,1.0971117353093604e-05,,,,,0.0034086317563609037,1.7892296901403892e-06,,,0.6473066079621552,2.1238663776055448e-05,,,,,0.0006568641532628702,1.7096653022901124e-06,0.18731756668515626,1.1955402335710773e-05,0.0010319882158445687,2.7956423705242098e-06,,,,
BRc02_grain_71,0.0020747715426298685,4.02682896869873e-06,,,,,,,,,0.3686773717657202,1.1783851235470328e-05,0.0006014245330835075,1.3777767514902104e-06,,,,,,,0.620227147194966,1.2433413056117604e-05,,,,,0.006614678478051045,3.876763664993269e-06,0.0011687097515286037,1.112713277292365e-06,0.0006358967340208559,1.030830283166865e-06,,,,
BRc02_grain_72,0.0034226972112402047,4.391977267539283e-06,,,0.0007390279886220211,1.502951778785358e-06,,,,,0.40235455311761914,1.3896210650183705e-05,0.00033665408868659407,1.5526478282460574e-06,,,,,,,0.5807074976752362,1.455541419660352e-05,,,,,0.010555164300731713,4.334297906743381e-06,0.0012379846503486258,1.2616025152713786e-06,0.0006464209675155121,1.1655989946237494e-06,,,,
BRc02_grain_73,0.005457417892328088,4.146709174258316e-06,,,0.0010159317101225065,1.3959057226952894e-06,,,,,0.3707387976685633,1.2832347681994003e-05,0.0005618660490700167,1.4725863195952375e-06,,,0.0030214880082715936,2.107163219185703e-06,,,0.5981155024511314,1.3692931689863392e-05,,,,,0.013044142523769502,3.989830110175252e-06,0.008044853696743548,2.437785696525717e-06,,,,,,
BRc02_grain_74,0.004354357032072232,3.7309048799703886e-06,,,0.0005581128319461701,1.2879116406536404e-06,,,,,0.34812178995023524,1.0771983252691207e-05,0.00028749296061977625,1.2908249892225286e-06,,,,,,,0.6343474137238884,1.1594473904752015e-05,,,,,0.010262704408758943,3.5941745243613165e-06,0.0015206265662385723,1.0597027081855695e-06,0.0005475025262406477,9.920613492390559e-07,,,,
BRc02_grain_75,0.007885749070651949,4.157291741215457e-06,,,,,,,,,0.34709065799836164,1.2837919223114514e-05,,,,,0.0019090456973293577,2.070912204127828e-06,,,0.5997144952042374,1.4563994077256218e-05,,,,,0.0016449241058457543,2.0010422789295685e-06,0.03471858392603203,3.574327386459895e-06,0.006235293415793564,2.209492642577267e-06,,,0.0008012505817484032,3.4570099504223124e-06
BRc02_grain_76,0.009795029408089942,4.105280365873355e-06,,,0.0005302866594879849,1.4045104013130613e-06,,,,,0.35622116957521605,1.307593759897081e-05,,,,,,,,,0.6045558985174081,1.4145393680610708e-05,,,,,0.004537861660712987,1.961105342711131e-06,0.0195354046014042,2.3889398125838976e-06,0.004824349577680685,2.1837398682685985e-06,,,,
BRc02_grain_77,0.0039844676544426175,4.076275101583475e-06,,,,,,,,,0.3299747034467192,1.297132737712894e-05,,,,,0.0031024415745060725,2.024530725821129e-06,,,0.6061758826214569,1.4902208550070072e-05,,,,,0.0009585911679395209,1.9317829358376054e-06,0.05046479241957449,3.651788788153461e-06,0.005339121115361072,2.184416584867011e-06,,,,
BRc02_grain_78,0.001698916158692074,4.044539885585026e-06,,,0.0003802171814971282,1.4247565923377251e-06,,,,,0.3860652358895236,1.2787920892528037e-05,,,,,,,,,0.6026180310080947,1.3219328288542621e-05,,,,,0.0030556026227159094,2.0289684251002515e-06,0.0057028610028871385,2.3638100889099644e-06,0.00047913613658936267,2.197943429635221e-06,,,,
BRc02_grain_79,0.0019206657436346432,4.187020139458502e-06,,,0.0003045805735843606,1.3815807513050686e-06,,,,,0.3860571492492565,1.2711546263358838e-05,,,,,,,,,0.604259907234834,1.3104136055235922e-05,,,,,0.006395612543516445,3.9428602383456775e-06,0.0007635152315500407,1.175220709179087e-06,0.0002985694236239982,1.1074917847261586e-06,,,,
BRc02_grain_80,0.004972099523682904,4.1209142501320495e-06,,,0.000683555345348936,1.3751740393392834e-06,,,,,0.3787856101156464,1.2394104728736637e-05,0.00039146224023479465,1.4161364725736758e-06,,,,,,,0.6021942476076718,1.2968517608605608e-05,,,,,0.011396264041558683,3.940705133547629e-06,0.0003182814218275847,1.1735263418198136e-06,0.0012584797040289127,1.0768922884108552e-06,,,,
BRc02_grain_81,0.014819589463891784,3.8074585429499065e-06,,,0.0004924074527032589,1.2688440759183247e-06,,,,,0.26783174093508677,1.20605538604085e-05,,,,,0.0006183702080247738,1.8180095548977903e-06,,,0.6298504614935702,1.588073246145684e-05,,,,,0.0007065837044166741,1.8665850682929058e-06,0.07992978872996623,5.147426955336672e-06,0.005751058012340285,2.020902395969291e-06,,,,
BRc02_grain_82,0.005240089790179896,4.142566931854373e-06,,,,,,,,,0.3885762463068505,1.3160579550520546e-05,,,,,,,,,0.5960331593556084,1.3854131022646113e-05,,,,,0.007378988460575139,4.043775173771972e-06,0.0020326567388345533,1.2021603782581015e-06,0.0007388593479515257,1.1398143530319341e-06,,,,
BRc02_grain_83,0.002581761426826964,4.0080126820114075e-06,,,0.0009081095273554031,1.3663335617980317e-06,,,,,0.3717051976203662,1.2291530372911643e-05,0.00031100066176880016,1.4006333592491867e-06,,,0.0011022103252518588,1.9818662222655373e-06,,,0.6093840732086914,1.2845452488029796e-05,,,,,0.008949730690585104,3.885666715094136e-06,0.0050579165391543045,2.298896161503128e-06,,,,,,
BRc02_grain_84,0.008416759872207174,3.952551888341688e-06,,,0.000661977787769977,1.3691140693701678e-06,,,,,0.35526487630922643,1.2006503265473416e-05,0.0010554954644235812,1.3609438873301682e-06,,,,,,,0.6144613596361851,1.278859304585758e-05,,,,,0.014279333412251698,3.7651183148959282e-06,0.004989899249572843,2.2313230255014466e-06,0.0008702982683632315,2.1058304626428912e-06,,,,
BRc02_grain_85,,,,,,,,,,,0.3706866065356854,1.1972074070450594e-05,,,,,,,,,0.6192731986292771,1.2256986209697809e-05,,,,,0.009548232601366214,3.7548548671861623e-06,0.000491962233671285,1.1434758880287578e-06,,,,,,
BRc02_grain_86,,,,,,,,,,,0.3201240595506491,1.4251454866920696e-05,,,,,0.0016773535198735454,2.0457393749632307e-06,,,0.6030513681552906,1.7005709106566933e-05,,,,,,,0.07388234389033742,5.293837339133568e-06,0.001264874883849338,2.207724672317951e-06,,,,
BRc02_grain_87,,,,,,,,,,,0.3700998482141659,1.1455886303029257e-05,,,,,,,,,0.6256884814169941,1.1716966172557554e-05,,,,,0.004211670368840054,3.776190724622602e-06,,,,,,,,
BRc02_grain_88,0.009432695408402879,4.250613332570336e-06,,,0.0005483909471184356,1.4114525879059502e-06,,,,,0.3664012536633932,1.2622161596851184e-05,0.0014448631260079198,1.4672980582641716e-06,,,0.0010810579879102543,2.043404089586433e-06,,,0.5983896461782798,1.3821491656498209e-05,,,,,0.01665301127559479,4.049562339917358e-06,0.005309452738388631,2.3924836817899602e-06,0.000739628674903968,1.0994875543168176e-06,,,,
BRc02_grain_89,0.004724877794694746,3.8092911393079065e-06,,,0.009330243161958742,2.650839815831286e-06,,,,,0.3430010452690943,1.2172253377945615e-05,,,,,0.0007405244663868519,1.9213405010897215e-06,,,0.6196091625383034,1.3390962183020374e-05,0.003365362976141746,1.6707265559503386e-06,,,0.00855932071091839,3.6365500862280323e-06,0.009929917258670297,2.1918172339299135e-06,0.0007395458238314282,2.08484597728639e-06,,,,
BRc02_grain_90,0.0011209519614046842,4.167707927859132e-06,,,0.0003039450473489517,1.4233030804007304e-06,,,,,0.3849818201333405,1.251524677612401e-05,,,,,,,,,0.606894782193692,1.294564587876697e-05,,,,,0.0017287117352956696,1.9580588674883767e-06,0.004434352941598488,2.3445895465546244e-06,0.0005354359873197437,1.0804649348628385e-06,,,,
BRc02_grain_91,0.0032626294767749624,3.938460184063055e-06,,,0.0007323129923821223,1.3063360511560204e-06,,,,,0.3638050465880048,1.1966455506530908e-05,0.0003009388435477032,1.3768920396524226e-06,,,,,,,0.6148116224850819,1.262439879902059e-05,,,,,0.014545380653201998,3.83693050917968e-06,0.001965926230959655,1.1200558792056552e-06,0.0005761427300467559,1.0458462676849348e-06,,,,
BRc02_grain_92,0.0018124780746847603,4.161129200381219e-06,,,0.0008372151353139055,1.4025805565873148e-06,,,,,0.3883619346043812,1.2761118973727233e-05,,,,,,,,,0.6029310555156495,1.3152147992370405e-05,,,,,0.0033735801505607494,1.957365746514596e-06,0.002683736519409961,1.1719621216787318e-06,,,,,,
BRc02_grain_93,0.00161893183808451,4.237721179563581e-06,,,,,,,,,0.3972558088502548,1.3040346373924967e-05,,,,,,,,,0.5970071265049192,1.316770248736556e-05,,,,,0.0023371426780044928,2.0513184209573963e-06,0.0011087141051633982,1.2030967225791826e-06,0.0006722760235736913,1.1655002839313845e-06,,,,
Goethite_03,0.0023286702790261166,3.7272792862209e-06,,,0.000750469492085273,1.2427580120330393e-06,,,,,0.28816386196778143,9.869145361546234e-06,,,,,0.0008439177187819622,1.7874179971938528e-06,,,0.690011011113935,1.0766866870038866e-05,0.013921606770995932,3.206380407356086e-06,,,0.003980462657394398,1.7633708233530891e-06,,,,,,,,
Goethite_04,0.002124854244934337,1.8589408575384129e-06,,,0.0007481341067084736,1.2455922800273413e-06,,,,,0.28852751152566086,9.544707838035744e-06,,,,,,,,,0.6906932788541371,1.0262368341845737e-05,0.013729694914735587,3.17020389699496e-06,,,0.0041765263538236334,1.8305415031787108e-06,,,,,,,,
Illmenite_03,,,,,,,,,,,0.18207978858128224,1.12194346106897e-05,,,,,0.018107973512294616,2.771870572044973e-06,0.001942283813587822,2.062206253811903e-06,0.6329708720594437,2.0293882980422676e-05,,,,,,,0.1638943295742064,9.69453436422656e-06,0.0010047524591851743,2.8915686338896586e-06,,,,
Illmenite_04,,,,,,,,,,,0.18115796252688324,9.98686854945056e-06,,,,,0.017776354702674416,2.7481971098830083e-06,0.0019515685474518645,2.0899909861214976e-06,0.6365328104226757,1.760339652040766e-05,,,,,,,0.1625813038003148,8.728024723563513e-06,,,,,,
Hematite_Elba_03,,,,,,,,,,,0.39551533853576604,1.2670088124232535e-05,,,,,,,,,0.604484661464234,1.2670088124232562e-05,,,,,,,,,,,,,,
Hematite_Elba_04,,,,,,,,,,,0.39558563395564245,1.2724617702857365e-05,,,,,,,,,0.6044143660443575,1.2724617702857367e-05,,,,,,,,,,,,,,
Magnetite_oxpuck_03,0.0022271103757709617,4.202636269569872e-06,,,,,,,,,0.4212575916090168,1.2701048212617964e-05,,,,,,,,,0.5755077037572808,1.2687243518132985e-05,,,,,0.0006772373039664356,2.0829646293281614e-06,0.00033035695396503204,1.208540128641856e-06,,,,,,
Magnetite_oxpuck_04,0.002583549513969479,4.293915364294381e-06,,,,,,,,,0.42229840902340743,1.2526126456284385e-05,,,,,,,,,0.5740439394044209,1.2719924824677099e-05,,,,,0.0006771354525304886,2.070959592499522e-06,0.0003969666056717404,1.1867287317345865e-06,,,,,,
LRa01_grain_01,0.0025780309682523804,4.217531615013153e-06,,,,,,,,,0.4223032470117684,1.2653115912337993e-05,,,,,,,,,0.5740478874581704,1.2728512446948888e-05,,,,,0.0006734181079714644,2.0440454093762924e-06,0.00039741645383738954,1.209350319480532e-06,,,,,,
LRa01_grain_02,0.010845518874317511,4.0792277642514716e-06,,,0.0010441724709471928,1.349740428215323e-06,,,,,0.3476729850465784,1.1477032758543572e-05,0.0030533451286481367,1.419444808575927e-06,,,,,,,0.6104158657071898,1.2848981996447892e-05,,,,,0.022217147849870136,3.867781845911746e-06,0.004052428009115781,2.2949529844013727e-06,0.0006985369133331315,2.117323062026373e-06,,,,
LRa01_grain_03,0.0006710509124420334,2.0477925911508007e-06,,,,,,,,,0.36387328194104657,1.3036843995118231e-05,,,,,,,,,0.6036427780504616,1.3976689648952886e-05,,,,,,,0.030445587274830776,3.536656331044277e-06,0.0013673018212189871,2.139250473379365e-06,,,,
LRa01_grain_04,0.0020768644871853215,4.1590322600403645e-06,,,,,,,,,0.39239288656121135,1.2872351424983614e-05,,,,,,,,,0.5971203806257805,1.321660123215955e-05,,,,,0.004759109419501253,2.036762017323024e-06,0.0029194141997869673,2.333004028946296e-06,0.0007313447065344798,1.0971084480089838e-06,,,,
LRa01_grain_05,0.009903470369053362,3.9961141115705646e-06,,,0.0005941874385359053,1.3370887710797127e-06,,,,,0.3413232216574246,1.1426280678378064e-05,0.0003801345917226129,1.375452766466908e-06,0.007942093186351118,4.418740206580171e-06,0.001135078463348274,1.970087263312596e-06,,,0.6153571661350719,1.3034536211807694e-05,,,,,0.017122163168980714,3.836841613926906e-06,0.005893709686025062,2.2316512531686335e-06,0.00034877530348650443,2.1104961619479793e-06,,,,
LRa01_grain_06,,,,,,,,,,,0.3941920969228127,1.1464564213478615e-05,,,,,,,,,0.6009737742578117,1.1609203370784948e-05,,,,,0.004834128819375575,2.002880303373381e-06,,,,,,,,
LRa01_grain_07,0.0022987768579157053,3.8752322657660916e-06,,,0.0005879117225141424,1.3071116313511817e-06,,,,,0.3464734003876503,1.2492706024045813e-05,,,,,0.002251291589250077,1.931614575102188e-06,,,0.6139831602752672,1.371936424148776e-05,,,,,0.003463713419331486,1.9221624801700997e-06,0.026368113909721266,2.3752354692418715e-06,0.00457363183834985,2.1480555023364965e-06,,,,
LRa01_grain_08,0.008593027396957517,3.942799521755873e-06,,,0.0005201812551924888,1.353838751121059e-06,,,,,0.3584207809450475,1.150883782666522e-05,0.0006093337816811407,1.3769399721055156e-06,,,,,,,0.6151816897307046,1.2466542904936751e-05,,,,,0.012808171000183013,3.8010573144959436e-06,0.002173001739380472,1.12747729086593e-06,0.0016938141508532694,2.1611775709243195e-06,,,,
LRa01_grain_09,0.00564542609606491,4.050292810974071e-06,,,0.0006083690092939893,1.3771626673261483e-06,,,,,0.3772641780589199,1.2450258016569352e-05,0.0005444977543646632,1.4387804101509252e-06,,,,,,,0.6036640284764484,1.3221584484526915e-05,,,,,0.009436640923167264,3.920364416799835e-06,0.002418462125062164,1.137482305554762e-06,0.0004183975566787915,1.1015296571914454e-06,,,,
LRa01_grain_10,0.000697152165474402,2.092441212842055e-06,,,,,,,,,0.40030863020214,1.1770752949848662e-05,,,,,,,,,0.5958880469317639,1.2026578545456659e-05,,,,,0.0031061707006216585,2.0566574727964846e-06,,,,,,,,
LRa01_grain_11,0.00999676974688349,4.078910884167005e-06,,,0.0004445991976265262,1.3608210244488758e-06,,,,,0.35588060772824226,1.1616790046345e-05,0.00045477429247284864,1.3849854162473255e-06,,,,,,,0.6150003878687565,1.2588923622912041e-05,,,,,0.015507707286839546,3.7662958051926002e-06,0.0016703188431331875,1.1272779494240323e-06,0.0010448350360455932,1.064578293195034e-06,,,,
LRa01_grain_12,0.007850355603129416,3.998650166831617e-06,,,0.00045264727338234354,1.3466195598728984e-06,,,,,0.3697866989912143,1.2201000689888702e-05,0.00038820516437406425,1.4017130730587544e-06,,,,,,,0.6048940829602841,1.3177319983691232e-05,0.0003945398154164638,1.7911863775871606e-06,,,0.0129175475375559,3.881157477929957e-06,0.0018303290498747644,1.1389837400117275e-06,0.001485593604768504,2.1629815657825918e-06,,,,
LRa01_grain_13,,,,,,,,,,,0.404209062693023,1.1909311429831993e-05,,,,,,,,,0.5949012337511197,1.195088990335248e-05,,,,,0.0008897035558572839,2.01905358765928e-06,,,,,,,,
LRa01_grain_14,0.004691665068438892,4.088912142410831e-06,,,0.0010546358767175605,1.3569276561862564e-06,,,,,0.3622046213806381,1.1839902650839693e-05,0.000461336437202971,1.3858587531845328e-06,,,0.001592215671976286,1.9851034113280445e-06,,,0.6114528670339192,1.2784387194523673e-05,,,,,0.011920641358504132,3.914613075730027e-06,0.005852675570610529,2.3041888869957635e-06,0.00076934160199231,2.1757732283110587e-06,,,,
LRa01_grain_15,0.0006002587771856722,2.1671440809504165e-06,,,,,,,,,0.4282036401489931,1.3079813419822296e-05,,,,,,,,,0.5675057317876472,1.3182049752251232e-05,,,,,0.003690369286174099,2.100693819753531e-06,,,,,,,,
LRa01_grain_16,,,,,,,,,,,0.39911025324334,1.179389677281688e-05,,,,,,,,,0.6002234102552041,1.1821531166247824e-05,,,,,0.0006663365014558456,2.0271557791209335e-06,,,,,,,,
LRa01_grain_17,0.0035763758494360633,4.225191307058423e-06,,,,,,,,,0.3986268575644278,1.511655281106678e-05,,,,,,,,,0.5959169327795233,1.559757678265875e-05,,,,,0.0007766392432300693,4.058078428966965e-06,0.0011031945633828146,2.3710210227570976e-06,,,,,,
LRa01_grain_18,,,,,,,,,,,0.3982562436240444,1.2855168933630326e-05,,,,,0.0010712156888997733,2.09675473957976e-06,,,0.5975797355978465,1.2961310494949266e-05,,,,,,,0.002329404297094267,1.1801200264633964e-06,0.0007298213205638058,1.0938322893259871e-06,3.357947155122628e-05,1.2285106996370305e-06,,
LRa01_grain_19,0.004116451266635658,4.181008866263644e-06,,,0.0008483787501238383,1.3940508855580329e-06,,,,,0.37910079551619613,1.2811040357074136e-05,,,,,0.0008980974088048585,2.009106471961019e-06,,,0.6008968582328261,1.3535847291897097e-05,,,,,0.011098668897736511,3.96996111232638e-06,0.002253516803809246,1.1778132527708078e-06,0.00078723312386767,1.1070819287283313e-06,,,,
LRa01_grain_20,0.007992791642277564,3.8462020663211985e-06,,,0.0005721701443722396,1.2781731259606348e-06,,,,,0.35220320327673404,1.1299178490838888e-05,0.0005161175349025594,1.3275573202223931e-06,,,,,,,0.6214036058218896,1.2209963843955233e-05,,,,,0.014324900101474787,3.7176236571643154e-06,0.0018003015391907548,1.102294888539258e-06,0.0011869099391583992,2.094723943190754e-06,,,,
LRa01_grain_21,0.005770867438431833,4.13119216086498e-06,,,0.0007625570092670287,1.4086090689409026e-06,,,,,0.3736810196221472,1.256872086906411e-05,,,,,,,,,0.6019680597835017,1.3184211747251829e-05,,,,,0.011533952617238611,3.956798335283465e-06,0.004662792318559681,2.3711332973938255e-06,0.0016207512108539178,2.165143101076676e-06,,,,
LRa01_grain_22,0.00842269569510191,4.069900200591516e-06,,,0.000919508500020867,1.4238868910209143e-06,,,,,0.3550332625639096,1.2192393138773309e-05,0.0009422175540807723,1.4201818210674306e-06,,,0.001451491496186284,2.0485265940872474e-06,,,0.6089519416329838,1.337520031815255e-05,,,,,0.015744111013392827,3.962621577344354e-06,0.008534771544323947,2.298872137138213e-06,,,,,,
LRa01_grain_23,0.00192669710114027,4.114662543105615e-06,,,0.00030571307200638994,1.3845243613544257e-06,,,,,0.383754242781853,1.2593458097169569e-05,,,,,0.0035142213565618405,2.0902993924294733e-06,,,0.6019731575730064,1.3397637527082221e-05,,,,,0.006438751502160942,3.950461043780252e-06,0.0016648346206298884,1.1680937263620763e-06,0.0004223819926413154,1.103383176819723e-06,,,,
LRa01_grain_24,,,,,,,,,,,0.40263719267698944,1.2093621664401625e-05,,,,,,,,,0.595253139131833,1.209355797867403e-05,,,,,0.002109668191177628,2.0221990561167443e-06,,,,,,,,
LRa01_grain_25,0.012007130940627185,4.158213610222765e-06,,,0.0003876258417024959,1.3912323185560789e-06,,,,,0.3690995777097996,1.2553726708228051e-05,0.0003941925851759809,1.4531684242578116e-06,0.01891207515263649,4.633999377674209e-06,0.0011234259975089977,2.1042014820448442e-06,,,0.5751781900445894,1.416204320629028e-05,,,,,0.016364634816964048,4.034563760249667e-06,0.005803528655828135,2.352516691262297e-06,0.0007296182551676773,2.2076889217894754e-06,,,,
LRa01_grain_26,0.0011884219949958412,1.990199184743139e-06,,,0.00029295054067198173,1.3272266937451318e-06,,,,,0.29015720165402376,1.3030048082471638e-05,,,,,0.009566350999328432,2.9949231934148438e-06,,,0.6153387916945889,1.6492237163148756e-05,,,,,0.0014519164769441985,1.916278651256314e-06,0.07862268977776503,5.268792088055493e-06,0.003381676861681728,2.0991986352355306e-06,,,,
LRa01_grain_27,0.007108558423955328,4.050107162888707e-06,,,0.000746542781264094,1.3718357589331369e-06,,,,,0.3598711176508477,1.2044031151540374e-05,0.0009973655772014724,1.3843139843824008e-06,,,0.0012016451306694318,1.969661752719691e-06,,,0.6088042259058034,1.3002928972353048e-05,,,,,0.015038981210783843,3.904697885812436e-06,0.005879738618490518,2.2810944515900202e-06,0.0003518247009842971,2.1151115381008812e-06,,,,
LRa01_grain_28,0.002501433991420031,4.17601643952295e-06,,,0.0003854596668549644,1.4466856298249981e-06,,,,,0.3881366891508346,1.267909092225845e-05,,,,,,,,,0.5993410756359384,1.3288341265261972e-05,,,,,0.008646133717251253,4.015367094046858e-06,0.0003857756507179216,1.1612585438966816e-06,0.0006034321869827969,1.0997723812908494e-06,,,,
LRa01_grain_29,0.0032590690565146877,1.6573331732899643e-06,,,,,,,,,0.1214849258348963,8.074320870812421e-06,0.001604658202866876,1.1753833150807309e-06,,,,,,,0.6711065596186137,1.790442405372933e-05,,,,,0.006255634639936082,1.6561312724834615e-06,0.1962891526471724,1.121626370732045e-05,,,,,,
LRa01_grain_30,0.004924079293551523,4.198439676491992e-06,,,0.00039269822278780185,1.45035047740704e-06,,,,,0.3899150154340702,1.3412126979398182e-05,0.0003229086357309011,1.4865080812303392e-06,,,0.000689253013163869,2.074709947577471e-06,,,0.5940724324742731,1.3960275964554519e-05,,,,,0.007879646042506917,4.0579020989548995e-06,0.0011221136859801283,1.207468934352031e-06,0.0006818531979356074,1.156685388049587e-06,,,,
LRa01_grain_31,0.005831739359083705,4.023531811417334e-06,0.0002850774374156673,1.2171121136098755e-06,0.0006044385005563378,1.3593196244439275e-06,,,,,0.3588706706801163,1.1990442467796338e-05,,,,,,,,,0.6219876124758457,1.2522287581817087e-05,,,0.0035874714083166817,1.728584715229338e-06,0.008832990138665595,3.954017885620412e-06,,,,,,,,
LRa01_grain_32,0.007005700873216181,4.173394718415656e-06,,,0.001082837862615006,1.4076280395201784e-06,0.0004367722557905956,1.6040470586817824e-06,,,0.36527773326957275,1.2229967534743185e-05,0.0007941130852522435,1.4305796900261188e-06,,,0.0016904495188623993,2.0508454766800613e-06,,,0.5999934151963854,1.3244933923314682e-05,,,,,0.017090647575537934,4.0301574458625545e-06,0.006079734264700927,2.355779142090572e-06,0.0005485960980664581,2.231092071217898e-06,,,,
LRa01_grain_33,0.00920772710380477,4.07630611824643e-06,,,0.0015847048700333047,1.3650096080798968e-06,,,,,0.3606559617195932,1.1959729981930987e-05,0.0012380879540305593,1.427405266009839e-06,,,0.0009949583171782947,2.0159667175024253e-06,,,0.6002468995666019,1.3238326804365158e-05,,,,,0.018881789859429007,3.869285248707222e-06,0.00665173794271897,2.3102586497203244e-06,0.0005381326666100802,2.1881245621269455e-06,,,,
LRa01_grain_34,0.0035523149535684386,4.178196752816051e-06,,,0.0006179234470441327,1.3810496384417515e-06,0.00035145723825034025,1.6047552267578305e-06,,,0.38078405209086796,1.2360224101999238e-05,,,,,0.001572851185945569,1.9852070141845476e-06,,,0.5993092751177066,1.316225044786009e-05,,,,,0.012781531542314714,4.0470360809303835e-06,,,0.0010305944243022317,1.1009700245243414e-06,,,,
LRa01_grain_35,,,,,,,,,,,0.39747560535207876,1.279255465416499e-05,,,,,,,,,0.6000529661243168,1.2862112074187856e-05,,,,,0.0018836194451798086,1.9998228415619933e-06,0.0005878090784246093,1.1907460286526198e-06,,,,,,
LRa01_grain_36,0.008873971561768803,4.174331523622854e-06,,,0.0013763620092980284,1.3942315829601008e-06,,,,,0.355402423239359,1.2238916980044048e-05,0.0003939930327921729,1.4023042581754683e-06,,,0.0017306571742801934,2.084544572511385e-06,,,0.6023575714039396,1.3429168344209242e-05,0.0005939751030269443,1.7747199504449204e-06,,,0.023175922886870648,3.990662396400211e-06,0.005195438418558741,2.3389099197444355e-06,0.0008996851701058594,2.1986720182695116e-06,,,,
LRa01_grain_37,0.001999125821452563,4.080546161136124e-06,,,0.00044830364798040365,1.3792875699414439e-06,,,0.004793486990362888,2.0977608669684875e-06,0.3581325112617585,1.2760449925700253e-05,,,,,,,,,0.6091770647291935,1.3898856120507833e-05,,,,,0.00384832665902363,1.9180883817903673e-06,0.02089632883389965,2.3538593774798378e-06,0.0007048520563289171,2.192935929659393e-06,,,,
LRa01_grain_38,0.006293641697807477,3.773395043944314e-06,,,0.00027657373814210734,1.2633510927706254e-06,0.00031212342845433,1.432711637716454e-06,,,0.29070157737710495,1.2344073494939946e-05,0.0002858995248263759,1.2909008115916121e-06,,,0.0018730484867966772,1.8654801766201197e-06,,,0.6338959260608867,1.522961047134511e-05,,,,,0.001088605825032655,1.7775133062734624e-06,0.063635921366508,4.727192515184275e-06,0.0016366824944407052,1.980035425183262e-06,,,,
LRa01_grain_39,0.008025711016487297,4.056503884529604e-06,,,0.002399237926835848,1.3865143102316074e-06,,,,,0.36172797591614714,1.1864858975401176e-05,0.0003088814126484392,1.3814891959661653e-06,,,,,,,0.6153067674434535,1.2731156122240663e-05,0.0010680370430537559,1.7571949566417712e-06,0.003092684147923689,1.7156220879430896e-06,0.006739468934745618,3.8266384982755504e-06,0.000563706035947069,1.1368464409603443e-06,0.0007675301227575964,1.0975210554195866e-06,,,,
LRa01_grain_40,0.015689648532126503,3.625635994747403e-06,,,0.0005505193999211646,1.2471551005036073e-06,,,,,0.3022115104566819,1.101643052989748e-05,0.0005620644745256569,1.285243404673739e-06,0.015040493751334257,4.102368581039267e-06,0.0013006647356723024,1.8235246907938537e-06,,,0.6310068160847502,1.2886683994943038e-05,,,,,0.02436357232441418,3.59100275519384e-06,0.008844964280669524,2.074774663381243e-06,0.00042974595990436936,1.9393858427784e-06,,,,
LRa01_grain_41,0.008154496696627414,4.0292462238085395e-06,,,0.0015786655874814723,1.366080446937046e-06,,,,,0.3530202549306702,1.186533603790741e-05,,,,,0.0046078048513217415,2.0015709837563893e-06,,,0.6111972180085651,1.2829462062060158e-05,0.0010686274304241774,1.767050370570648e-06,,,0.01878993132172934,3.868919566719613e-06,0.0006929482868746259,1.1476984253999318e-06,0.0008900528863059366,1.0625439711997672e-06,,,,
LRa01_grain_42,0.0020651739598093444,4.1724820901418606e-06,,,,,,,,,0.3955440290554517,1.3002262669719556e-05,0.0005562589670889889,1.4340783491798127e-06,,,,,,,0.59620828279684,1.3232791970041664e-05,,,,,0.0030968788025697194,2.029396577505274e-06,0.0025293764182401776,1.1724113300095249e-06,,,,,,
LRa01_grain_43,0.008577501838406682,4.374968918926843e-06,,,0.0005677095008231232,1.48108208314065e-06,,,,,0.3892532398840536,1.3619626299900398e-05,0.0018347294332629776,1.5298364954750456e-06,,,0.001129008336324149,2.1658236511649296e-06,,,0.5752340092664042,1.4731148120367134e-05,,,,,0.01798880525687673,4.2578723620556e-06,0.004901158523005186,2.472460520308977e-06,0.0005138379608432027,1.1721088604547888e-06,,,,
LRa01_grain_44,0.0006994379075158726,2.1359232055525225e-06,,,,,,,,,0.40372567613504257,1.2115852679052196e-05,0.0003200364187977027,1.4471245927280358e-06,,,,,,,0.5932371284653698,1.2217181345046762e-05,,,,,0.002017721073274017,2.0915715214938087e-06,,,,,,,,
LRa01_grain_45,0.0009237275535624378,4.194299512413546e-06,,,,,,,,,0.4049386498170752,1.3398035038548973e-05,,,,,,,,,0.5920285752667215,1.3572646377707399e-05,,,,,0.0010023191599203873,2.0392092990754565e-06,,,0.0011067282027203828,1.1017611658911854e-06,,,,
LRa01_grain_46,0.004580318353392723,4.146939073406163e-06,,,,,0.0030473159986489713,1.6196587003679533e-06,,,0.38301663480129633,1.2751532047707856e-05,,,,,,,,,0.6019514070975647,1.3065947613576023e-05,,,,,0.0005491545872434914,2.048485317364e-06,0.006125476220295487,2.3526693673530297e-06,0.0007296929415583515,2.2154112999180224e-06,,,,
LRa01_grain_47,0.010269223535664377,3.6263336458178377e-06,,,0.0005503489180454662,1.2573279243365093e-06,,,,,0.3254057302033667,1.1145579552740953e-05,0.00034895152718404296,1.2843641743905197e-06,,,0.0007977058585089667,1.8326551659195184e-06,,,0.6418530599493133,1.214373700639661e-05,,,,,0.016107614109567646,3.484832370626838e-06,0.004184529148215774,2.114363480238826e-06,0.0004828367501336969,1.9884658882330154e-06,,,,
LRa01_grain_48,0.0011025136736088322,4.056717156016454e-06,,,,,,,,,0.37195273119664457,1.200278796049148e-05,,,,,,,,,0.6193763053174838,1.232612859215578e-05,,,0.001019683349312079,1.7116444951681104e-06,0.006023778036985032,3.802372776300803e-06,,,0.0005249884259657131,1.0748448606626686e-06,,,,
LRa01_grain_49,0.0022005151975137915,4.026451498754329e-06,,,,,,,,,0.3537331124149804,1.2692893881464367e-05,,,0.010303379561004033,4.421028635709881e-06,0.0018465339019424103,2.0072756199013485e-06,,,0.6046530656695008,1.3976651296841387e-05,,,,,0.0006374839702796363,1.956803283583464e-06,0.026098106015729865,2.3310086026981435e-06,0.000527803269049058,2.1389714291173905e-06,,,,
LRa01_grain_50,,,,,,,,,,,0.13381543493622092,8.338616583895202e-06,,,,,0.009950009897709772,2.5494772850675276e-06,,,0.665148749603153,1.750396836870595e-05,,,,,0.0005524646363129454,1.7256765749755621e-06,0.1905333409266034,1.0627924388223515e-05,,,,,,
LRa01_grain_51,0.0016007201805337543,4.2798115225393145e-06,,,0.00038593158578283197,1.3945214559953327e-06,0.0002604948078173104,1.592749538043572e-06,,,0.38864728401501003,1.3003566298066614e-05,,,,,,,,,0.5982943099226528,1.3423580519226357e-05,,,,,0.005051038489720699,2.004391789116349e-06,0.005152664355932805,2.2782300481801806e-06,0.0006075566425497834,2.2083676286575608e-06,,,,
LRa01_grain_52,0.009263409690044307,4.261377633796904e-06,,,0.0006310105022216811,1.4550693046192172e-06,,,,,0.3768005260869981,1.2667700104180191e-05,0.0008092683137437954,1.4554112829953295e-06,,,,,,,0.5906549303900975,1.3715232819265335e-05,,,,,0.019244128639857482,4.152062085077381e-06,0.0018513272992956335,1.1786022750363467e-06,0.0007453990777415645,1.1287025417345198e-06,,,,
LRa01_grain_53,,,,,,,,,,,0.4047456617548949,1.2020566625114074e-05,,,,,,,,,0.593584471271608,1.2167058131244136e-05,,,,,0.0016698669734972371,2.005419388650793e-06,,,,,,,,
LRa01_grain_54,0.012805668490751631,3.3014871073017597e-06,,,0.0004969232333970836,1.1281476161744013e-06,,,,,0.29421025723235883,9.659734559362179e-06,0.00324234141253522,1.1808356512905073e-06,,,0.0008154311477752817,1.6110821586139428e-06,,,0.6616244920404636,1.0945406983703016e-05,,,,,0.021951277057908322,3.2156536533439944e-06,0.0044624217301707444,1.911355600476777e-06,0.0003911876546392544,1.7854723767685618e-06,,,,
LRa01_grain_55,0.006648770335214853,4.152118381763897e-06,,,0.0006841919189640458,1.3974559479312131e-06,,,,,0.3729630779729621,1.2328379171309172e-05,,,,,0.0009427486261044134,2.029647522429706e-06,,,0.6024401884846934,1.303912538333006e-05,,,,,0.011053763252355391,3.889464969541252e-06,0.004133146413902126,2.2898840133762108e-06,0.001134112995803691,2.1419113963986455e-06,,,,
LRa01_grain_56,0.006255847377028433,4.179063067080448e-06,,,0.0013790040690452685,1.3834943597619571e-06,0.000517339497907716,1.6031157427029828e-06,,,0.3475064004610929,1.1878694271926704e-05,0.000627952720975178,1.4500951702421059e-06,,,0.0021235820649892355,2.03098615390919e-06,,,0.6115957506583328,1.312472036066136e-05,,,,,0.014744298103331872,3.996708690166532e-06,0.015249825047296646,2.342915228863183e-06,,,,,,
LRa01_grain_57,0.006148869915275708,3.945721972903369e-06,,,0.0003617267871809983,1.3253761331975702e-06,,,,,0.30967254751360673,1.2095344995252827e-05,,,0.010768425208215346,4.31903692220191e-06,0.004393372708474093,1.9402671434066184e-06,,,0.6125651289249987,1.4377560804249604e-05,,,,,0.0024853773959528968,1.9071196712244845e-06,0.050921995923114104,3.556708366784514e-06,0.0026825556231813708,2.146546662668393e-06,,,,
LRa01_grain_58,0.005579125483028933,4.102998555071541e-06,,,0.0004476498638275916,1.3837771486143088e-06,,,,,0.3621622016071879,1.2237893474467324e-05,0.00031004400802998996,1.4422822132801893e-06,,,0.0012595472385965988,2.0022573761477685e-06,,,0.608155696657568,1.3264362641628061e-05,,,,,0.01393800628348923,3.8624292979495726e-06,0.007739641032355628,2.293004765969982e-06,0.0004080878259162378,2.1452327963052073e-06,,,,
LRa01_grain_59,0.0030649877162934585,4.136877238196686e-06,,,0.0006849067683843376,1.4032317270131302e-06,,,,,0.3851611821839989,1.2598042910529187e-05,,,,,0.0010586227041216895,2.076799603788356e-06,,,0.600604503857998,1.3168717326546363e-05,,,,,0.006327442720507127,4.014358742100568e-06,0.002556197940140698,2.316564364987245e-06,0.0005421561085557207,1.1174983306445681e-06,,,,
LRa01_grain_60,,,,,,,,,,,0.3961863663956556,1.2691083132474275e-05,,,,,,,,,0.6006942774530207,1.2798812858997736e-05,,,,,0.0027351329442841456,2.0315960544524457e-06,0.0003842232070394904,1.1539048262432575e-06,,,,,,
LRa01_grain_61,0.00849669455230651,4.13177572524537e-06,,,0.0004522733567733389,1.3824090522689725e-06,,,,,0.3586250669187395,1.2018633271274806e-05,0.0003864633272924321,1.4180262037353378e-06,,,0.0012061857351789464,2.0222302494144793e-06,,,0.6103828666092065,1.3247071057543352e-05,,,,,0.01481113577480294,3.850959632111547e-06,0.0052238736091595635,2.3597836615056903e-06,0.0004154401165402255,1.0792200650139456e-06,,,,
LRa01_grain_62,0.0009065131140717586,4.173385811808686e-06,,,,,,,,,0.3909392417801048,1.3045598499373741e-05,,,,,,,,,0.6013801946062932,1.3410121618963905e-05,,,,,0.006454284876275992,3.939031675772378e-06,0.00031976562325429454,1.1927107045233979e-06,,,,,,
LRa01_grain_63,,,,,,,,,,,0.39431516567350944,1.306046287009376e-05,,,,,,,,,0.596125239922607,1.3366918801736166e-05,,,,,,,0.00955959440388359,2.3680200954063537e-06,,,,,,
LRa01_grain_64,0.005552250333892246,4.066934016629606e-06,,,0.0012230652339044433,1.3857820563657197e-06,,,,,0.36424372105499453,1.2245389254556446e-05,,,,,0.004567146714571429,2.0253756656609972e-06,,,0.6039433258306719,1.3277627180214635e-05,,,,,0.014273075387087743,3.912014054926486e-06,0.005242183638487108,2.345133014307439e-06,0.000955231806390571,2.2328880967470334e-06,,,,
LRa01_grain_65,0.0029283551075509713,4.145108798900838e-06,,,0.0008367129286774862,1.3652880991690898e-06,,,,,0.37949129339352733,1.2701002039722667e-05,,,,,0.002270422787555843,2.0600105450935334e-06,,,0.6036015832025611,1.3341812090165195e-05,,,,,0.006829968964563556,3.967030797932658e-06,0.0036243242443838343,2.4124323057041852e-06,0.0004173393711799385,1.0811147957958322e-06,,,,
LRa01_grain_66,0.005486254439421639,4.5493727508219375e-06,,,0.001261109139307776,1.527505908096065e-06,,,,,0.40234643824899874,1.445460951133887e-05,0.0004287053564711781,1.5827007270971423e-06,,,0.0011634362740997478,2.194516546506451e-06,,,0.5707858358363983,1.579164758060252e-05,0.0005421213974949599,1.9960574749497674e-06,,,0.009951197802082843,4.332489698243363e-06,0.0073105707824604755,2.5736192581762248e-06,0.0007243307232643908,2.4152303881690524e-06,,,,
LRa01_grain_67,0.01069848136077725,4.330022297184633e-06,,,0.0006470491015572134,1.4854496430246709e-06,,,,,0.378088268944807,1.3326074744157516e-05,0.0004138301953820164,1.5282230306813882e-06,,,0.0011797808139948386,2.1551381979566707e-06,,,0.5829425017152512,1.4540726590551626e-05,,,,,0.017311587770776227,4.141805659719337e-06,0.008396565091968669,2.4594885709498773e-06,0.00032193500548562446,2.312721649493704e-06,,,,
LRa01_grain_68,0.0005704014197434388,2.0656736888365706e-06,,,,,,,,,0.3934476649474767,1.2840208861591758e-05,,,,,,,,,0.601756367803733,1.296890329434934e-05,,,,,0.003516149739206154,1.9831351876800556e-06,0.0007094160898408711,1.1777834807468156e-06,,,,,,
LRa01_grain_69,0.0022987253250453333,3.608737337730345e-06,,,,,,,,,0.33797690643508116,1.1278183428504425e-05,,,,,,,,,0.646723996181172,1.2131799638316208e-05,,,,,0.0030763645177954643,3.461796618723112e-06,0.009653527207017043,2.0768918413296664e-06,0.0002704803338889764,1.9118306787996526e-06,,,,
LRa01_grain_70,0.00045923804469986105,2.069238004636962e-06,,,0.00022951629243791953,1.3848760748778788e-06,,,,,0.39265433103619657,1.130472058704158e-05,,,,,,,,,0.6007385290439695,1.1452624482078023e-05,,,,,0.005918385582696208,2.0009716842388935e-06,,,,,,,,
LRa01_grain_71,0.00977435790522738,4.085124140332808e-06,,,0.0004488847324056335,1.328440920988338e-06,,,,,0.35605171889793824,1.1807735248574186e-05,0.0005344841260064111,1.3752083242816972e-06,,,0.0009263144582595541,1.9807663587020733e-06,,,0.6137063225287012,1.2795663195786625e-05,,,,,0.015157785553859042,3.900269246795715e-06,0.0027537780050985194,2.2817974418405153e-06,0.0006463537925040308,1.0749884903276718e-06,,,,
LRa01_grain_72,0.00644326840574035,4.441380454505655e-06,,,0.0004888192391883266,1.4988144169744715e-06,,,,,0.39769449930364087,1.4224042925322691e-05,0.0009250132561380061,1.5787819665636177e-06,,,0.0010166711804002377,2.2258492495771955e-06,,,0.5742357280685746,1.5175431686048327e-05,,,,,0.01262028917886845,4.231865788955375e-06,0.005415178097320156,2.4834999013878343e-06,0.0011605332701289301,2.384855612518451e-06,,,,
LRa01_grain_73,0.0057498153399340645,4.149071689683258e-06,,,0.0010841624845358156,1.414164134210648e-06,,,,,0.36971022048979707,1.246648104696739e-05,0.00039562719312423634,1.4736940888586018e-06,,,0.001414395627357233,2.0440373186463957e-06,,,0.606236793196267,1.3232600656480198e-05,,,,,0.0127240508570477,3.982482274938876e-06,0.002076087296254244,1.187479348847197e-06,0.0006088475156826239,1.1021758549829395e-06,,,,
LRa01_grain_74,0.00810697448157675,4.162915101652901e-06,,,0.0007689251487002062,1.4077242837814683e-06,,,,,0.3771148917329685,1.2564722723383061e-05,,,,,,,,,0.599358699882177,1.3254556769191334e-05,,,,,0.010961136539736387,4.004777357927664e-06,0.0020569317366594055,1.1606910114793851e-06,0.0016324404781815603,2.1831993923892273e-06,,,,
LRa01_grain_75,0.0029967616565915213,4.142985383924761e-06,,,,,0.00044201156433733323,1.596714990257e-06,,,0.39922656319531946,1.3414020354822263e-05,,,,,,,,,0.5949045853085151,1.3741628480480705e-05,,,,,0.0013247486632209462,1.9824260468165102e-06,0.0011053296120156358,2.3903778827329144e-06,,,,,,
LRa01_grain_76,0.0004547151963209891,2.0999489830380745e-06,,,,,,,,,0.4014438809007606,1.2235017065333678e-05,,,,,,,,,0.5967865831377203,1.2376694316176488e-05,,,,,0.0013148207651980561,2.0056950302419745e-06,,,,,,,,
LRa01_grain_77,0.00802386490010701,4.045554130921694e-06,,,0.0004579009253840309,1.4371895639445753e-06,0.0006029012180223861,1.5662970249787067e-06,,,0.381049083746159,1.2234993936142453e-05,,,,,0.002443181434907598,1.9924489967588577e-06,,,0.5989500427151161,1.2923821420422136e-05,,,,,0.004445667158866879,1.977599637725894e-06,0.00330991127018176,2.3280971082908947e-06,0.0007174466312552653,1.088821143894841e-06,,,,
LRa01_grain_78,0.002629537267837264,4.179976663366761e-06,,,0.0007702776110851299,1.407388451861616e-06,0.0003465076461187473,1.6012542979054508e-06,,,0.3870485598225252,1.2486224622548403e-05,,,,,,,,,0.6018595030244636,1.316724091697744e-05,,,,,0.007345614627970147,3.971416188047389e-06,,,,,,,,
LRa01_grain_79,0.002918527438800917,3.92166613298113e-06,,,,,,,,,0.32240832248022366,1.2579309502366286e-05,,,,,0.0020699592249928123,1.9405098225231485e-06,,,0.6183374570559821,1.4243526303867167e-05,,,,,0.0027015228958882,1.8941533695098365e-06,0.048757985491052126,3.622068481017831e-06,0.0028062254130601758,2.0690140931255898e-06,,,,
LRa01_grain_80,0.02464832993481687,4.1817637752402456e-06,,,0.0009167334709628159,1.396439876059229e-06,,,,,0.3044236517886021,1.0901360518142477e-05,0.001959698266331608,1.4250307692747769e-06,0.019924437836259776,4.6759432894764656e-06,0.0014511447090703763,2.0760798305213333e-06,,,0.5964254584627849,1.3346540649367129e-05,,,,,0.04375076827728197,3.998751480435477e-06,0.006081146888483621,2.339912439239944e-06,0.0004186303654059414,2.198204907475002e-06,,,,
LRa01_grain_81,0.004269022006385816,4.1729795249038176e-06,,,0.0011364410261439325,1.41030859405763e-06,,,,,0.3680547223106378,1.2288785884999086e-05,,,,,0.0014395886669615573,2.0200042801642164e-06,,,0.6052345987198862,1.3330003295540914e-05,,,,,0.015330837443580173,3.866848281012127e-06,0.004059318717050364,2.2723742567430896e-06,0.0004754711093543772,1.078729073912673e-06,,,,
LRa01_grain_82,0.017413580752284677,4.259387568513053e-06,,,0.00047091170324989166,1.4245174960766849e-06,,,,,0.3397586941264038,1.221232382458352e-05,,,0.015069346304959798,4.740471584483541e-06,0.0010824472420196505,2.0563147249511762e-06,,,0.5939186004801197,1.4137011971926912e-05,,,,,0.02754339017263403,4.064552022971048e-06,0.004252836140126519,2.393200884543015e-06,0.0004901930782019316,1.0728138489045255e-06,,,,
LRa01_grain_83,0.008415345759857766,4.0091993518138805e-06,,,0.0013233795129256863,1.3378784066385177e-06,,,,,0.3126636208493011,1.0786683566317812e-05,0.00030154720280464037,1.3769332660146385e-06,,,0.0020380964983224277,1.9737406375958027e-06,,,0.6457827729375907,1.2126973038163232e-05,,,,,0.026560428524909467,3.722162629196998e-06,0.002279774135137774,1.1111302132413998e-06,0.0006350345791504708,1.064877522052019e-06,,,,
LRa01_grain_84,0.0031660064494560404,4.220594862441473e-06,,,,,,,,,0.38876273589565397,1.297591147031068e-05,0.0005461714757848713,1.4430286654712185e-06,,,,,,,0.5998323591048557,1.3143746131103882e-05,,,,,0.0071818618368902215,3.862118609165471e-06,0.0005108652373591263,1.1533413442208084e-06,,,,,,
LRa01_grain_85,0.002224080569592906,4.263654338837953e-06,,,0.0003145528961506946,1.4224289198186812e-06,0.00026607668058717735,1.61079976269077e-06,,,0.4011076827945099,1.349988173472074e-05,,,,,,,,,0.5922836210359057,1.3682058070301543e-05,,,,,0.0012359256621752499,2.0233121532426158e-06,0.0005910790704645738,1.2062879039554418e-06,0.001976981290613651,2.217315596442129e-06,,,,
LRa01_grain_86,0.004588882491691297,4.2124577268589635e-06,,,0.000461636307969082,1.4206677851822473e-06,,,,,0.386076260985154,1.2447769532448327e-05,0.00039532965555361094,1.4508131502077958e-06,,,,,,,0.5969766015999503,1.3111559960652227e-05,,,,,0.009258902239409355,4.045641961397375e-06,0.0009058624105407776,1.1782837642657447e-06,0.0013365243097315659,2.238672322153309e-06,,,,
LRa01_grain_87,0.00839170388278426,4.608887834199187e-06,,,0.0008436488114958735,1.516105840743917e-06,,,,,0.3870138032846621,1.4266339510944618e-05,0.0019027219566059002,1.6162927131116174e-06,,,0.001353982049745225,2.258038839989141e-06,,,0.5724497523298102,1.5618944065764926e-05,,,,,0.017695575221345315,4.356655126671477e-06,0.008824610310271075,2.5708191052843335e-06,0.0015242021532800316,2.4008390518371792e-06,,,,
