Grain,Al,Al_se,Ca,Ca_se,Cl,Cl_se,Fe,Fe_se,K,K_se,Mg,Mg_se,Mn,Mn_se,Nb,Nb_se,O,O_se,P,P_se,S,S_se,Si,Si_se,Sr,Sr_se,Ti,Ti_se,V,V_se,W,W_se,Zn,Zn_se
Hematite_Senin_01,,,,,,,0.3947697413757883,1.3015841624186978e-05,,,,,,,,,0.6044304356641592,1.2983702934158319e-05,,,,,0.0007998229600526175,2.8795685080367977e-06,,,,,,,,,,
Hematite_Senin_02,0.0012618135371715664,3.3025942275549326e-06,,,,,0.39190988795985415,1.3278914058872358e-05,,,,,,,,,0.605710837306898,1.3572794072700404e-05,,,,,,,,,0.00032920856226698796,1.6284659380523382e-06,,,0.0007882526338092293,2.8663104568321737e-06,,
Hematite_Senin_03,,,,,,,0.3930551908416625,1.3062687337133791e-05,,,,,,,,,0.6061978280545022,1.3142552584310207e-05,,,,,,,0.0007469811038352888,2.3197504394963326e-06,,,,,,,,
Illmenite_01,,,,,,,0.18212311053982125,1.1653284868132665e-05,,,,,0.019020137792170565,3.1852003588037007e-06,0.0021096041607481715,2.036192300683229e-06,0.6282101374791426,2.0971218528821496e-05,,,,,,,,,0.1685370100281174,1.0417636479161297e-05,,,,,,
Illmenite_02,,,,,,,0.1822691376518134,1.2004841246921577e-05,,,,,0.018899783366797467,3.2892296274947594e-06,0.0021718401044272,2.074856700240812e-06,0.6266327837802642,2.225636195209655e-05,,,,,0.0006119178525611993,2.2308681866044623e-06,,,0.16794017404218073,1.0967915865683478e-05,0.0014743632019558301,2.7490650623523748e-06,,,,
Magnetite_ph_01,0.0015747086055148264,3.5550577813835493e-06,,,,,0.41796922668013137,1.3777369520435257e-05,,,,,,,,,0.579753184943178,1.393764359093434e-05,,,,,0.0007028797711758677,2.7991279201751296e-06,,,,,,,,,,
Magnetite_ph_02,0.001539588014472067,3.443267541404504e-06,,,,,0.41926281575891333,1.383836325104581e-05,,,,,,,,,0.5791975962266145,1.3948081886929857e-05,,,,,,,,,,,,,,,,
Magnetite_ph_03,0.0018536904625460148,3.525214104425511e-06,,,,,0.42024549654064264,1.3896911381808982e-05,,,,,,,,,0.5779008129968114,1.4039875590607959e-05,,,,,,,,,,,,,,,,
Goethite_01,0.0027058904457067795,2.880263092835901e-06,0.0008981071888289193,1.4605955612631915e-06,,,0.2885655106829994,1.0355831676757502e-05,,,,,0.0007058873757822394,1.806209690340364e-06,,,0.6893834008603857,1.1227874252136076e-05,0.013553505524837276,2.793480775368528e-06,,,0.004187697921459608,2.567725316222694e-06,,,,,,,,,,
Goethite_02,0.0025640767729846734,2.9196756976405386e-06,0.0008412884730743085,1.4568480425912137e-06,,,0.28824479990036644,1.0235009009053919e-05,,,,,0.0007429203435173659,1.7894845729553444e-06,,,0.6897059724914861,1.1016053599306738e-05,0.013490633713798423,2.8616184044764104e-06,,,0.004410308304772626,2.5351838930371024e-06,,,,,,,,,,
Goethite_03,0.0025618565891205717,2.8803989582942027e-06,0.0010208102602222108,1.4454594292818272e-06,,,0.28764778764334825,1.0285392814491638e-05,,,,,,,,,0.6906926522873006,1.1103098614541397e-05,0.013554104328183224,2.793516918528991e-06,,,0.004522788891825116,2.506227277857638e-06,,,,,,,,,,
LRa02_grain_71,0.005902120944700675,3.5282966196312787e-06,0.0003366645379604964,1.586760106422429e-06,,,0.3634550875049659,1.2393186747348606e-05,,,,,0.0010244005526510442,2.0433809135474335e-06,,,0.618244378063896,1.2954333532559906e-05,,,,,0.010456063099053371,3.2848527649616897e-06,,,0.0005812852967725623,1.588414427590694e-06,,,,,,
LRa02_grain_72,0.003519125878998878,3.504378434527907e-06,0.0006551436661495444,1.5827418329410668e-06,,,0.35976718174995365,1.279723183410925e-05,,,,,0.0009555288274792767,2.080183943270616e-06,,,0.6209293925664264,1.340470932351433e-05,,,,,0.01130702972619742,3.3780466383652907e-06,,,0.0021705985551620896,1.718226974354361e-06,0.0006959990296326994,1.6486467604353758e-06,,,,
LRa02_grain_73,,,,,,,0.39983057138021605,1.3344386408852052e-05,,,,,,,,,0.5982524415546265,1.3354828250827885e-05,,,,,,,,,,,0.0019169870651574341,1.7887681873381572e-06,,,,
LRa02_grain_74,0.0007440595980520363,3.3125712844897857e-06,0.00033773440884467395,1.6128986740460776e-06,,,0.3810099434211394,1.35436266315083e-05,,,,,,,,,0.6100364358598083,1.3840153466566747e-05,,,,,0.007401704825844653,3.2257370641586815e-06,,,0.00047012188631092704,1.6269285367553999e-06,,,,,,
LRa02_grain_75,0.0008723460801755664,3.062092978588559e-06,,,,,0.2765151657940298,1.3861235438906814e-05,,,,,0.0052653534799781965,2.3326831321111493e-06,,,0.6238163732709601,1.8102898186352968e-05,,,,,0.0008835092434724321,2.4824383172021373e-06,,,0.08886399253540715,5.823477892663015e-06,0.003783259595976745,2.541707203596741e-06,,,,
LRa02_grain_76,0.00316578458713314,3.6201329823672827e-06,0.00030042579053116543,1.679600863181248e-06,0.003572223957163498,2.0765179531601224e-06,0.387696334317968,1.4067321540723146e-05,,,,,,,,,0.5945271732186541,1.4617269519844916e-05,,,,,0.0007367418399625709,2.856854910014232e-06,,,0.0036369329521291197,1.9098639240833e-06,0.006364383336458264,2.1022891596797413e-06,,,,
LRa02_grain_77,0.0011544054865420233,3.3131892670788503e-06,,,,,0.3797702221912877,1.2678812449527296e-05,,,,,,,,,0.6095051664055998,1.3085715044417801e-05,,,,,0.007933113152496748,3.1617919871384376e-06,,,0.0012621627371825514,1.6870008599072036e-06,0.0003749300268911066,1.6427166379496938e-06,,,,
LRa02_grain_78,0.005269802800527356,3.3928117551212523e-06,0.0005649706281014983,1.4930139792808093e-06,,,0.32971005845242346,1.1745142091659746e-05,,,,,0.000982845448852168,1.9070066945822547e-06,,,0.6503200552808593,1.2549709929814272e-05,,,,,0.009849894836889332,3.1511546751733237e-06,,,0.0026186979580854965,1.6486089705586118e-06,0.000683674594261314,1.5249174323512243e-06,,,,
LRa02_grain_79,0.005062489472141953,3.6045972445104508e-06,0.00065974347864781,1.6024563437409531e-06,,,0.35529750193687004,1.2907726547655733e-05,,,,,0.0010998913008259646,2.0193363036263148e-06,,,0.6201427672690036,1.3563541737416549e-05,,,,,0.010158809843478462,3.1969989192618366e-06,,,0.007261408860957806,2.0246364194336666e-06,0.00031738783807432774,1.6319925005948538e-06,,,,
LRa02_grain_80,0.0009058648194759076,3.2836754931688543e-06,,,,,0.3799223807568812,1.26284819467345e-05,,,,,,,,,0.6137361441304152,1.299068667980298e-05,,,,,0.005435610293227638,3.0472274006920663e-06,,,,,,,,,,
LRa02_grain_81,,,0.0002790466787098664,1.217192911502991e-06,,,0.10419223771898074,8.000558481581254e-06,,,,,0.005486912486397736,2.0588770246738354e-06,,,0.6884780933539808,1.9590102255593147e-05,,,,,0.0007868997777703177,1.934777655011128e-06,,,0.2007768099841606,1.2953644939251277e-05,,,,,,
LRa02_grain_82,0.0003894008357315225,2.366261561777244e-06,0.0002978400293667932,1.2371246255160045e-06,,,0.12766435642637342,9.252026570530924e-06,,,,,,,,,0.6744696707843361,2.0189510058293893e-05,,,,,0.0010223296843936346,2.0020479346686047e-06,,,0.1961564022397985,1.2574284863785452e-05,,,,,,
LRa02_grain_83,0.0005378414435275949,2.3907223563978404e-06,,,,,0.11993873409801419,8.522468688134116e-06,,,,,0.014955894558175042,2.8557572117884735e-06,,,0.6697820292093962,1.9646461712606077e-05,,,,,0.0013009315201101834,2.0490872524081482e-06,,,0.19348456917077678,1.2002890931453166e-05,,,,,,
LRa02_grain_84,,,,,,,0.11648657629718881,8.29193664485891e-06,,,,,0.0030410958168603525,1.9436791865737947e-06,,,0.6793658981076214,1.8618442764083013e-05,,,,,0.03259000438018149,3.912659024434314e-06,,,0.1685164253981479,1.0402704575907756e-05,,,,,,
LRa02_grain_85,,,,,,,0.13188798157678316,8.992830407443551e-06,,,,,,,,,0.681274175913613,1.852319261363556e-05,,,,,0.0020205562526824624,2.0630368825517384e-06,,,0.18481728625692154,1.1204798582492919e-05,,,,,,
LRa02_grain_86,0.0005509584388092116,2.2627991799290912e-06,0.00022479856211316687,1.2412888134974072e-06,,,0.10767478451876121,8.19466927214896e-06,,,,,0.0049249063288178225,2.0420505099766487e-06,,,0.6850549104487426,1.9198474877233383e-05,,,,,0.0018988323406397161,2.014531008855196e-06,,,0.19967080936211634,1.2370676721797653e-05,,,,,,
LRa02_grain_87,0.0005810919962598077,2.2926321981253854e-06,0.002576504122252858,1.4067602247030362e-06,,,0.12626668333313015,9.110454856550651e-06,,,,,,,,,0.6781827949092826,1.9771831121946192e-05,,,,,0.002946104395402566,2.1721852020114515e-06,,,0.18944682124367196,1.2002546493397825e-05,,,,,,
LRa02_grain_88,0.0015272118481885668,2.337060548959296e-06,0.0062403651291442624,1.5895041257859945e-06,,,0.09811531468864769,7.554925291917723e-06,,,,,0.0015088410529595544,1.7720312093257712e-06,,,0.6850438906150144,1.9880119374368903e-05,,,,,0.007171771942727677,2.3108222717387868e-06,,,0.20039260472331796,1.3105651252089668e-05,,,,,,
LRa02_grain_89,0.0032237397450814304,3.296414555073278e-06,0.000916845918471557,1.5862797433770549e-06,,,0.34552948125701216,1.2364782005442063e-05,,,,,0.0016099112586124829,2.063303078803471e-06,,,0.6350162958577249,1.3090829710180703e-05,0.00037136680251984017,2.2123055768416537e-06,0.00043670415195225845,1.9314510188531507e-06,0.01099672008145014,3.3290914312153145e-06,,,0.0007655655033245999,1.5493425675299945e-06,0.0011333694238504473,1.6178956345823426e-06,,,,
LRa02_grain_90,0.009321476703124328,3.88355331245283e-06,0.0009715717234359272,1.6898403182006859e-06,,,0.3498786615916343,1.3259033886166538e-05,,,,,0.0011607156373669503,2.1085891989371734e-06,,,0.6146370826199831,1.4541719368276905e-05,,,,,0.01719048022815491,3.7996819876812066e-06,,,0.006367799579579282,1.9920178172636956e-06,0.0004722119167211692,1.7394238080270633e-06,,,,
LRa02_grain_91,0.0016929318864632693,3.3633864655160093e-06,,,,,0.3713395005800958,1.2425139438233873e-05,,,,,,,,,0.6206723208325038,1.2790045080760906e-05,,,,,0.0038663019815164896,2.8484744731425107e-06,,,0.002428944719420719,1.7306172182675114e-06,,,,,,
LRa02_grain_92,0.014946994524305148,4.423072951500365e-06,0.0006642867451281812,1.7064283932472098e-06,,,0.3384923339404667,1.3145776511499781e-05,0.0013280129853048557,1.7626930873247932e-06,0.013236439955733073,5.2968030188001094e-06,0.0013897828403542582,2.144813847753041e-06,,,0.5994519106656816,1.5244219307316746e-05,,,,,0.021893891775806366,4.0812151505876826e-06,,,0.008010321619210083,2.1611956625897457e-06,0.0005860249480097748,1.6960674717454987e-06,,,,
LRa02_grain_93,0.005714745384571419,3.4568250492296643e-06,0.0008053621629982212,1.5370758153644644e-06,,,0.3342773219998651,1.1490387156094276e-05,,,,,0.0010905495774206735,1.9546693129788916e-06,,,0.6404031045309712,1.2327781354436834e-05,,,,,0.01770891634417346,3.514792480260955e-06,,,,,,,,,,
LRa02_grain_95,0.010048106905897846,3.8062550498159737e-06,0.0003607602487297514,1.5649972380070185e-06,,,0.33473656321051803,1.229230978430327e-05,,,0.010962436143707979,5.2271444622550925e-06,0.001061379404062847,2.0237981290085905e-06,,,0.6216615319916083,1.3725651688853878e-05,,,,,0.01576678088343052,3.5361461797752175e-06,,,0.0050514538455471575,1.8874248082710697e-06,0.00035098736649753597,1.5929327320542196e-06,,,,
LRa02_grain_94,0.0011467332468662688,3.387237268515823e-06,,,,,0.3951166045078072,1.3496215688449039e-05,,,,,,,,,0.5971172651866214,1.3811332724381935e-05,,,,,0.004416039105053563,3.0822646880175966e-06,,,0.0022033579536515856,1.8577428327378779e-06,,,,,,
LRa02_grain_96,0.0014991031617011441,3.320854324955575e-06,0.0007972446711553114,1.686705316769155e-06,,,0.35867115812563405,1.3103397068051075e-05,,,,,,,,,0.6230084091931642,1.3743610577672026e-05,,,0.001522658034622513,2.1938113493833697e-06,0.010748847155617018,3.315196876151178e-06,,,0.003752579658105829,1.8497306977800228e-06,,,,,,
LRa02_grain_97,0.00876375431733523,3.8886114177404946e-06,0.0006111242265548152,1.668043479872915e-06,,,0.3672064908463945,1.3407869041494897e-05,,,,,0.000997193053319734,2.1375993872047593e-06,,,0.6026208447774773,1.4484036590739452e-05,,,,,0.012981163278731757,3.5643388208799555e-06,,,0.006217295575769974,2.043461988587546e-06,0.0006021339244166435,1.7574644375235462e-06,,,,
LRa02_grain_98,,,0.0006524088424747765,1.2313947829926484e-06,0.0006074582402609488,1.3952080464748926e-06,0.11649091133354962,8.464469169023709e-06,,,,,0.008764910164068778,2.3360479378179804e-06,,,0.6874792503875715,1.892284642981519e-05,,,,,0.0008844608632737381,1.969925591649161e-06,,,0.18512060016880075,1.1635629163967505e-05,,,,,,
LRa02_grain_99,0.008818854405056031,3.928556140323779e-06,0.0006005972428760906,1.735483415261348e-06,,,0.37905940258823495,1.3739427596436359e-05,0.0007376248471934338,1.7492286406317998e-06,,,0.0009000066002310957,2.193716012888876e-06,,,0.5886710997980937,1.4919293830653348e-05,,,,,0.01509317667713091,3.646309079385556e-06,,,0.005455378068445109,2.092559554846776e-06,0.0006638597727386695,1.7773347223154197e-06,,,,
LRa02_grain_100,,,,,,,0.3839309920753897,1.2825893511380817e-05,,,,,,,,,0.6095320264058789,1.2998119846353195e-05,,,,,0.006536981518731349,3.1735432213122707e-06,,,,,,,,,,
LRa02_grain_101,0.0011889456131180982,2.86567643470942e-06,,,,,0.2967572419316159,1.0480245520880234e-05,,,,,0.0010936615487090054,1.8679302923243612e-06,,,0.6883309640911457,1.1209106026509433e-05,0.001688221626836679,2.141358939524587e-06,,,0.01094096518857462,3.103839122282802e-06,,,,,,,,,,
LRa02_grain_102,0.011306618713558635,3.8614107863605e-06,0.0004880525870635302,1.5810321475433234e-06,,,0.32998511988037904,1.2290804275135255e-05,,,0.011877263279424578,5.070712078501874e-06,0.0010019531792485317,1.985302496023361e-06,,,0.6216703743826694,1.4036165938480319e-05,,,,,0.019146894835777105,3.7492511917898556e-06,,,0.0040819731136446874,1.8031875672042909e-06,0.0004417500282345152,1.5807287223427599e-06,,,,
LRa02_grain_103,0.014161384359182403,4.077164889232793e-06,0.0007053907906965057,1.638606660850103e-06,,,0.3352933225514853,1.2555963069657901e-05,,,0.015295380224813304,5.215925296237926e-06,0.001640222653886368,2.110718664327618e-06,,,0.6031398629337393,1.486815930844579e-05,,,,,0.02401475430993778,4.001377196175482e-06,,,0.005334132675753743,1.971472989992589e-06,0.00041554950050530634,1.6807912813378544e-06,,,,
LRa02_grain_104,,,,,,,0.001082700539665657,1.7437018481127372e-06,,,,,,,0.001529624626656071,1.644577444798081e-06,0.6812668126511504,3.0662017026121356e-05,,,,,0.00041404626132564754,1.8035029181003577e-06,,,0.31241801618692866,3.0008090940425768e-05,0.0032887997342735146,3.233902168109436e-06,,,,
LRa02_grain_105,0.004619961443240142,3.2609516521983435e-06,0.0008307141723568949,1.4525060843018261e-06,,,0.2960702932901393,1.1759947274589634e-05,,,0.007517224021328424,4.685568768050175e-06,,,,,0.658848792368012,1.3739349631433326e-05,,,,,0.00683768054627434,2.8561204464644852e-06,,,0.02452003103444081,2.648084557069593e-06,0.0007553031242081412,1.7488966046350018e-06,,,,
BRe_grain_96,0.0053060742948305125,3.501340471400871e-06,0.0017905153886232904,1.728576810167728e-06,0.0007685731286720421,1.7631337575243395e-06,0.3552625606681281,1.2656905739618097e-05,,,,,0.0025002844991791717,2.2024445546214858e-06,,,0.6225001163161537,1.3574716614359212e-05,0.00045860385102729353,2.2900127397174545e-06,,,0.01068987734328483,3.3368973570259313e-06,,,0.0003950460376626985,1.5996618461922475e-06,0.000328348472438362,1.628987225990298e-06,,,,
BRe_grain_100,0.004205376981009574,3.4140512900746996e-06,0.007024967647735969,2.035421130237335e-06,,,0.34717963423460546,1.3254598198839385e-05,,,,,0.0006803567780025297,2.0440534678589544e-06,,,0.6139667107033959,1.452512609818756e-05,,,,,0.012601578078327109,3.3955158025897097e-06,,,0.011272711894620542,2.2325633875099675e-06,0.003068663682302946,1.9260957558440294e-06,,,,
BRe_grain_101,0.003427975303518913,3.2697767342177037e-06,0.010979839081045585,2.275622257733189e-06,,,0.3509303812458469,1.3626837672312636e-05,0.0003324017017019324,1.6945003055918937e-06,,,,,,,0.6057358193733106,1.483583110543799e-05,,,,,0.014083366936074336,3.4225700835636907e-06,,,0.012549891361885737,2.355332345831402e-06,0.0019603249966159875,1.8904986654785267e-06,,,,
BRe_grain_102,0.0004315124652119597,3.173667450483804e-06,0.00012849657155377913,1.4651946415650746e-06,,,0.378043277347986,1.3213911213290457e-05,,,,,,,,,0.6145624058563869,1.3588150799143022e-05,,,,,0.0066710888039377865,3.017794741043709e-06,,,8.701877587327275e-05,1.3529570715366507e-06,7.620017905025918e-05,1.2553399031809162e-06,,,,
BRe_grain_103,0.007876222298233638,3.5802527171714727e-06,0.0016743731217349297,1.6333303561880872e-06,,,0.3292033726609495,1.3011433112319436e-05,,,,,0.0016551777963362655,2.047793600256376e-06,,,0.6243531768277414,1.474885031406775e-05,,,,,0.00535391349425511,2.8145733049343276e-06,,,0.02901909036185674,3.0431451862091904e-06,0.000864673438892375,1.9023623996975315e-06,,,,
BRe_grain_104,0.0047287796737639325,3.0323383888600807e-06,0.0010652635215762424,1.4462496262152205e-06,,,0.22262826296091567,1.2487519883529543e-05,,,,,0.007429933049401875,2.3456444028892596e-06,,,0.6534313916810749,1.7911363714390676e-05,,,,,0.006117618488967608,2.642358855666455e-06,,,0.10193402686243697,6.5202038682041535e-06,0.0026647237618628522,2.4085819657095343e-06,,,,
BRe_grain_105,0.003933370300086652,3.4314855641743023e-06,0.0020774347658412554,1.7708913066369024e-06,,,0.3650945348268916,1.4092930543886781e-05,,,,,,,,,0.602013120660282,1.527008156250584e-05,,,,,0.0062276866005907235,3.0866282959008725e-06,,,0.015815763839241624,2.6151993618678315e-06,0.004838089007066166,2.1319228849035244e-06,,,,
BRe_grain_106,0.009601911619298905,3.5790715488520185e-06,0.0007445666784957058,1.472636342339926e-06,,,0.29514660507874774,1.2711070745910914e-05,0.00027446804372178947,1.5236804787154667e-06,,,,,,,0.6440096257565467,1.5035886521664822e-05,,,,,0.0028776083377843945,2.550864696596542e-06,,,0.044200480868507544,3.5777735625498602e-06,0.002180349253057224,2.024581290608493e-06,,,0.000964384363839975,3.002549617975992e-06
BRe_grain_107,0.003570203393031593,3.1317712987823227e-06,0.0008434859246972125,1.494352678787421e-06,,,0.2948092969134008,1.3423083610767923e-05,,,,,0.0024671929027626407,2.071035852481162e-06,,,0.6376599397693918,1.5877412332833625e-05,,,,,0.002341128114941518,2.5826333873349644e-06,,,0.05212140114455919,4.072456165273275e-06,0.006187351837215231,2.3066616286433728e-06,,,,
BRe_grain_108,0.00839057562596013,3.662496133550729e-06,0.0032229351640874586,1.8274256731436374e-06,,,0.33822438281043543,1.3331486046815327e-05,,,,,0.0012513771634350777,2.0354963426363927e-06,,,0.617583110652893,1.4769226043439309e-05,,,,,0.004858870344122813,2.916774832796846e-06,,,0.02143697107319691,2.767092898489025e-06,0.005031777165869281,2.0754862154439617e-06,,,,
BRe_grain_109,0.012317470046578582,3.7605681825426555e-06,,,,,0.338840172436912,1.3046056344924711e-05,,,,,,,,,0.6212794796172713,1.4231414630169969e-05,,,,,0.0009797340919479897,2.497862879058422e-06,,,0.02160639537396258,2.7023084211522172e-06,0.004976748433327525,2.028355940106863e-06,,,,
BRe_grain_110,0.006010272044237117,2.851224480551862e-06,0.04003336419801393,3.3773452747544793e-06,,,0.1832470592046894,1.0207484825606435e-05,,,,,0.0008900683138545909,1.7334525310143992e-06,,,0.6455994252334684,1.7940922803725765e-05,,,,,0.044919214891175216,4.5569099789128965e-06,,,0.07723239070803983,5.331754465014236e-06,0.0020682054065215005,2.1898739562380615e-06,,,,
BRe_grain_111,0.0009287199885564637,2.9541339968278043e-06,0.0006538510248072188,1.3544231389911225e-06,,,0.2857737973069313,1.0182321896261308e-05,,,,,,,,,0.6738531473518514,1.1516681549444453e-05,,,,,0.038369538793613024,4.217783192819117e-06,,,0.0004209455342406493,1.3064532335504238e-06,,,,,,
BRc02_grain_94,0.002566488172224051,3.2917848183665757e-06,0.0012187162170590109,1.6279812934381993e-06,,,0.35774972121857535,1.2593664384854013e-05,,,,,,,,,0.6196214867820231,1.3247855215487973e-05,,,,,0.016864399985448954,3.569296510080107e-06,,,0.0016940746759973877,1.6621629360131692e-06,0.00028511294867211614,1.6142128592543857e-06,,,,
BRc02_grain_95,0.004754515867175314,3.207030536247944e-06,0.0002831943533878808,1.4245437852780978e-06,,,0.2974266503646127,1.2739428088737621e-05,,,,,0.0027806823756731914,2.0416616124369427e-06,,,0.6408772585714845,1.5046455060711657e-05,,,,,0.0033810368078011645,2.582635688865236e-06,,,0.04539278761573096,3.710980057106747e-06,0.005103874044134315,2.1907638246940274e-06,,,,
BRc02_grain_96,,,,,,,0.11599562742709699,8.30244670482709e-06,,,,,0.006251686788345002,2.1221300434386667e-06,,,0.683943110476337,1.8775794813501763e-05,,,,,,,,,0.19380957530822085,1.1953909966798719e-05,,,,,,
BRc02_grain_98,0.0010433670669967403,2.7777874260796074e-06,0.0003027734786148701,1.417266511744806e-06,,,0.2635643484663209,1.3255328785390194e-05,,,,,,,,,0.6460909014982512,1.7011241498956226e-05,,,,,0.002103583808385035,2.398456107044843e-06,,,0.08596306113970004,5.52662074982934e-06,0.0009319645417311581,2.317575618109946e-06,,,,
BRc02_grain_99,0.006450364498665531,3.7947143975389746e-06,0.0006821562672473774,1.827418939924789e-06,,,0.39519054397994935,1.537351286954686e-05,,,,,0.00245427211715202,2.4485207463370437e-06,,,0.5691165015511574,1.637135369457459e-05,,,,,0.007372384405384954,3.2639203791090145e-06,,,0.01486873711809613,2.7382597486110405e-06,0.003865040062347325,2.1975309130910437e-06,,,,
BRc02_grain_100,0.002251400268015893,3.3226256279070635e-06,,,,,0.3577783641641086,1.22966229203451e-05,,,,,,,,,0.6370383414518516,1.2542754997078581e-05,,,,,0.001798685673960552,2.6887944042275453e-06,,,0.0006933826009179078,1.5744130897004432e-06,0.0004398258411454711,1.5341158064794975e-06,,,,
Hematite_Senin_04,0.0018194255354938792,3.349000699170532e-06,,,,,0.39871563377543895,1.3296540401694886e-05,,,,,,,,,0.5989418764071462,1.3614661124091137e-05,,,,,0.0005230642819209234,2.66964216995981e-06,,,,,,,,,,
Hematite_Senin_05,0.001019354885706005,3.372838781361393e-06,,,,,0.3942048441365073,1.306653048714484e-05,,,,,,,,,0.6047758009777866,1.3127390996744764e-05,,,,,,,,,,,,,,,,
Hematite_Senin_06,0.0018514378141247115,3.3427942555334694e-06,,,,,0.3930962300126737,1.3146514854834133e-05,,,,,,,,,0.6050523321732015,1.338065669402274e-05,,,,,,,,,,,,,,,,
Illmenite_03,,,,,,,0.182143672391307,1.235708965145236e-05,,,,,0.019267241625652725,3.3347982899604806e-06,0.001988847574664648,2.058973775989688e-06,0.6271936609693132,2.277749278938618e-05,,,,,,,,,0.168125547924252,1.1125077441109948e-05,0.001281029514810482,2.789758139829028e-06,,,,
Illmenite_04,,,,,,,0.1854314586675045,1.2069460441382517e-05,,,,,0.018355953866085618,3.163799447349553e-06,0.001923175213837367,2.019313483325471e-06,0.6303480457500905,2.17673029765468e-05,,,,,,,,,0.16257065099877585,1.0417576062745427e-05,0.0013707155037061085,2.790528835826963e-06,,,,
Illmenite_05,,,,,,,0.1889954096691027,1.1692630733324967e-05,,,,,0.018576857218993267,3.2278683799121526e-06,0.002114563667883122,2.0584359456985226e-06,0.6231228682910562,2.0483179107816737e-05,,,,,,,,,0.1671903011529648,9.997680227052385e-06,,,,,,
Magnetite_ph_04,0.0015933195784062228,3.446699843706821e-06,,,,,0.41780083437115295,1.4276084157700342e-05,,,,,,,,,0.5799389113353121,1.4445613109693365e-05,,,,,0.0006669347151287157,2.824014747564516e-06,,,,,,,,,,
Magnetite_ph_05,0.002676332728279141,3.582688810966911e-06,,,,,0.41357073453780574,1.3893391116750639e-05,,,,,,,,,0.5832186849335979,1.4111446092558639e-05,,,,,0.0005342478003173434,2.785377291797007e-06,,,,,,,,,,
Magnetite_ph_06,0.004255351359204209,3.628873116109322e-06,,,,,0.4113808683285187,1.3483900538647667e-05,,,,,,,,,0.5836889884838874,1.3816539802595321e-05,,,,,0.0006747918283896451,2.785465855960381e-06,,,,,,,,,,
Goethite_04,0.0033326761704755,2.981831139638979e-06,0.0008191993869235946,1.4446728713584854e-06,,,0.2878030333404128,1.0317354179845974e-05,,,,,0.0006587288763729931,1.8891925632817486e-06,,,0.6901217946579213,1.1107385599097864e-05,0.013430567952790393,2.829587320333278e-06,,,0.0038339996151033826,2.4985060578750775e-06,,,,,,,,,,
Goethite_05,0.003377589565666223,2.968046593798773e-06,0.0007998921907453068,1.476753439248789e-06,,,0.2875158636824602,1.0489201807967919e-05,,,,,,,,,0.6909506553091539,1.1174304885370177e-05,0.013471151200364776,2.8836505998710794e-06,,,0.0038848480516096694,2.570866777644325e-06,,,,,,,,,,
Goethite_06,0.002938095155376334,2.9184076430108905e-06,0.0007930260797099555,1.460734955169848e-06,,,0.28757841095938663,1.026730240348102e-05,,,,,0.0008028418718604427,1.8179578951318668e-06,,,0.6903647317142926,1.1071315996769388e-05,0.01348823532614736,2.821132852505909e-06,,,0.0040346588932266385,2.5863939011858663e-06,,,,,,,,,,
